-- phpMyAdmin SQL Dump
-- version 4.7.0
-- https://www.phpmyadmin.net/
--
-- Host: 127.0.0.1
-- Generation Time: Oct 17, 2017 at 03:28 PM
-- Server version: 10.1.25-MariaDB
-- PHP Version: 7.0.21

SET SQL_MODE = "NO_AUTO_VALUE_ON_ZERO";
SET AUTOCOMMIT = 0;
START TRANSACTION;
SET time_zone = "+00:00";


/*!40101 SET @OLD_CHARACTER_SET_CLIENT=@@CHARACTER_SET_CLIENT */;
/*!40101 SET @OLD_CHARACTER_SET_RESULTS=@@CHARACTER_SET_RESULTS */;
/*!40101 SET @OLD_COLLATION_CONNECTION=@@COLLATION_CONNECTION */;
/*!40101 SET NAMES utf8mb4 */;

--
-- Database: `ikooba_db`
--

-- --------------------------------------------------------

--
-- Table structure for table `activity_log`
--

CREATE TABLE `activity_log` (
  `id` int(10) UNSIGNED NOT NULL,
  `user_id` int(11) DEFAULT NULL,
  `content_type` varchar(20) COLLATE utf8_unicode_ci DEFAULT NULL,
  `content_id` int(11) DEFAULT NULL,
  `text` varchar(255) COLLATE utf8_unicode_ci NOT NULL,
  `ip_address` varchar(64) COLLATE utf8_unicode_ci NOT NULL,
  `user_agent` text COLLATE utf8_unicode_ci,
  `created_at` timestamp NOT NULL DEFAULT CURRENT_TIMESTAMP,
  `updated_at` timestamp NOT NULL DEFAULT '0000-00-00 00:00:00'
) ENGINE=InnoDB DEFAULT CHARSET=utf8 COLLATE=utf8_unicode_ci;

--
-- Dumping data for table `activity_log`
--

INSERT INTO `activity_log` (`id`, `user_id`, `content_type`, `content_id`, `text`, `ip_address`, `user_agent`, `created_at`, `updated_at`) VALUES
(1, 1, NULL, NULL, 'John Doe created a User (Robert William)', '127.0.0.1', NULL, '2015-11-15 19:19:01', '2015-11-15 19:19:01'),
(2, 1, NULL, NULL, 'John Doe created a User (Michal John)', '127.0.0.1', NULL, '2015-11-15 19:19:50', '2015-11-15 19:19:50'),
(3, 1, NULL, NULL, 'John Doe created a User (Andrew Hoal)', '127.0.0.1', NULL, '2015-11-15 19:20:57', '2015-11-15 19:20:57'),
(4, 1, NULL, NULL, 'New article \"Server Requirements\" added', '127.0.0.1', NULL, '2015-11-15 19:21:54', '2015-11-15 19:21:54'),
(5, 1, NULL, NULL, 'New article \"General Doubt\" added', '127.0.0.1', NULL, '2015-11-15 19:22:15', '2015-11-15 19:22:15'),
(6, 1, NULL, NULL, 'New article \"Installation Process\" added', '127.0.0.1', NULL, '2015-11-15 19:23:28', '2015-11-15 19:23:28'),
(7, 1, NULL, NULL, 'New article \"How to upgrade from 1.3.2 to 1.4?\" added', '127.0.0.1', NULL, '2015-11-15 19:23:51', '2015-11-15 19:23:51'),
(8, 1, NULL, NULL, 'New article \"How to upgrade from 1.4 to 2?\" added', '127.0.0.1', NULL, '2015-11-15 19:24:04', '2015-11-15 19:24:04'),
(9, 1, NULL, NULL, 'New article \"How to upgrade from 2.0 to 2.1?\" added', '127.0.0.1', NULL, '2015-11-15 19:24:18', '2015-11-15 19:24:18'),
(10, 1, NULL, NULL, 'New article \"How to upgrade from 2.1 to 2.2?\" added', '127.0.0.1', NULL, '2015-11-15 19:24:34', '2015-11-15 19:24:34'),
(11, 1, NULL, NULL, 'New article \"How to upgrade from 2.2 to 2.3?\" added', '127.0.0.1', NULL, '2015-11-15 19:24:47', '2015-11-15 19:24:47'),
(12, 1, NULL, NULL, 'New article \"How to start using this application?\" added', '127.0.0.1', NULL, '2015-11-15 19:26:22', '2015-11-15 19:26:22'),
(13, 1, NULL, NULL, 'New article \"How to send email using mail driver?\" added', '127.0.0.1', NULL, '2015-11-15 19:26:37', '2015-11-15 19:26:37'),
(14, 1, NULL, NULL, 'New article \"How to send email using gmail smtp mail driver?\" added', '127.0.0.1', NULL, '2015-11-15 19:26:53', '2015-11-15 19:26:53'),
(15, 1, NULL, NULL, 'New article \"Can I use this application on my local computer system?\" added', '127.0.0.1', NULL, '2015-11-15 19:27:13', '2015-11-15 19:27:13'),
(16, 1, NULL, NULL, 'New article \"How can I send SMS?\" added', '127.0.0.1', NULL, '2015-11-15 19:27:29', '2015-11-15 19:27:29'),
(17, 4, NULL, NULL, 'New Ticket added', '127.0.0.1', NULL, '2015-11-15 19:34:28', '2015-11-15 19:34:28'),
(18, 1, NULL, NULL, 'Commented on a Ticket', '127.0.0.1', NULL, '2015-11-15 19:41:33', '2015-11-15 19:41:33'),
(19, 1, NULL, NULL, 'New forum thread \"Live Chat option with staff and admin.\" added', '117.222.23.253', NULL, '2015-11-17 00:27:46', '2015-11-17 00:27:46'),
(20, 25, NULL, NULL, 'New forum thread \"money management\" added', '41.204.237.6', NULL, '2016-09-08 17:26:26', '2016-09-08 17:26:26'),
(21, 25, NULL, NULL, 'Profile updated', '41.204.237.6', NULL, '2016-09-08 19:25:20', '2016-09-08 19:25:20'),
(22, 33, NULL, NULL, 'New forum thread \"Good gist on the way on townhall\" added', '41.204.237.6', NULL, '2016-09-08 19:29:43', '2016-09-08 19:29:43'),
(23, 25, NULL, NULL, 'New forum thread \"marketing strategies \" added', '41.204.237.6', NULL, '2016-09-08 19:38:28', '2016-09-08 19:38:28'),
(24, 33, NULL, NULL, 'New forum thread \"Testing the TW  Functions\" added', '41.204.237.6', NULL, '2016-09-08 19:39:22', '2016-09-08 19:39:22'),
(25, 47, NULL, NULL, 'New forum thread \"Forum\" added', '41.204.237.6', NULL, '2016-09-14 12:33:15', '2016-09-14 12:33:15'),
(26, 1, NULL, NULL, 'New package \"IKP Basic\" added', '41.204.237.6', NULL, '2016-12-20 16:35:31', '2016-12-20 16:35:31'),
(27, 1, NULL, NULL, 'New package \"IKT Basic\" added', '41.204.237.6', NULL, '2016-12-20 16:36:42', '2016-12-20 16:36:42'),
(28, 1, NULL, NULL, 'Package \"IKB Advance\" updated', '41.204.237.6', NULL, '2017-01-26 13:20:00', '2017-01-26 13:20:00'),
(29, 1, NULL, NULL, 'New package \"IKP ADVANCE\" added', '41.204.237.6', NULL, '2017-01-27 16:30:19', '2017-01-27 16:30:19'),
(30, 1, NULL, NULL, 'Package \"IKP Advance\" updated', '41.204.237.6', NULL, '2017-01-27 16:41:38', '2017-01-27 16:41:38');

-- --------------------------------------------------------

--
-- Table structure for table `annoucements`
--

CREATE TABLE `annoucements` (
  `id` int(11) NOT NULL,
  `annoucement_title` varchar(1000) COLLATE utf8_unicode_ci NOT NULL,
  `annoucement_description` text COLLATE utf8_unicode_ci NOT NULL,
  `start_date` date NOT NULL,
  `end_date` date NOT NULL,
  `for_all` int(11) NOT NULL DEFAULT '0',
  `user_id` int(10) UNSIGNED NOT NULL,
  `created_at` timestamp NOT NULL DEFAULT CURRENT_TIMESTAMP,
  `updated_at` timestamp NULL DEFAULT NULL
) ENGINE=InnoDB DEFAULT CHARSET=utf8 COLLATE=utf8_unicode_ci;

-- --------------------------------------------------------

--
-- Table structure for table `annoucement_roles`
--

CREATE TABLE `annoucement_roles` (
  `id` int(11) NOT NULL,
  `annoucement_id` int(11) NOT NULL,
  `role_id` int(11) UNSIGNED NOT NULL
) ENGINE=InnoDB DEFAULT CHARSET=utf8 COLLATE=utf8_unicode_ci;

-- --------------------------------------------------------

--
-- Table structure for table `assigned_tickets`
--

CREATE TABLE `assigned_tickets` (
  `id` int(11) NOT NULL,
  `user_id` int(11) UNSIGNED DEFAULT NULL,
  `ticket_id` int(11) DEFAULT NULL
) ENGINE=InnoDB DEFAULT CHARSET=utf8 COLLATE=utf8_unicode_ci;

-- --------------------------------------------------------

--
-- Table structure for table `attachments`
--

CREATE TABLE `attachments` (
  `id` int(11) NOT NULL,
  `user_id` int(10) UNSIGNED NOT NULL,
  `belongs_to` varchar(100) COLLATE utf8_unicode_ci NOT NULL,
  `unique_id` int(11) NOT NULL,
  `file_title` varchar(500) COLLATE utf8_unicode_ci NOT NULL,
  `file_description` text COLLATE utf8_unicode_ci,
  `file` text COLLATE utf8_unicode_ci NOT NULL,
  `created_at` timestamp NOT NULL DEFAULT CURRENT_TIMESTAMP,
  `updated_at` timestamp NULL DEFAULT NULL
) ENGINE=InnoDB DEFAULT CHARSET=utf8 COLLATE=utf8_unicode_ci;

-- --------------------------------------------------------

--
-- Table structure for table `business_hours`
--

CREATE TABLE `business_hours` (
  `id` int(11) NOT NULL,
  `day` varchar(20) COLLATE utf8_unicode_ci NOT NULL,
  `start` time NOT NULL,
  `end` time NOT NULL,
  `created_at` timestamp NOT NULL DEFAULT CURRENT_TIMESTAMP,
  `updated_at` timestamp NULL DEFAULT NULL
) ENGINE=InnoDB DEFAULT CHARSET=utf8 COLLATE=utf8_unicode_ci;

--
-- Dumping data for table `business_hours`
--

INSERT INTO `business_hours` (`id`, `day`, `start`, `end`, `created_at`, `updated_at`) VALUES
(1, 'Sunday', '00:00:00', '00:00:00', '2015-11-15 19:14:26', '2015-11-15 19:14:50'),
(2, 'Monday', '09:00:00', '17:30:00', '2015-11-15 19:14:39', '2015-11-15 19:14:39'),
(3, 'Tuesday', '09:00:00', '17:30:00', '2015-11-15 19:15:04', '2015-11-15 19:15:04'),
(4, 'Wednesday', '09:00:00', '17:30:00', '2015-11-15 19:15:14', '2015-11-15 19:15:14'),
(5, 'Thursday', '09:00:00', '17:30:00', '2015-11-15 19:15:23', '2015-11-15 19:15:23'),
(6, 'Friday', '09:00:00', '17:30:00', '2015-11-15 19:15:32', '2015-11-15 19:15:32'),
(7, 'Saturday', '09:00:00', '12:30:00', '2015-11-15 19:15:44', '2015-11-15 19:15:44');

-- --------------------------------------------------------

--
-- Table structure for table `collaborators`
--

CREATE TABLE `collaborators` (
  `id` int(10) UNSIGNED NOT NULL,
  `user_id` int(11) NOT NULL,
  `client_id` varchar(20) COLLATE utf8_unicode_ci NOT NULL,
  `company_id` int(11) NOT NULL,
  `access` enum('Free','Paid') COLLATE utf8_unicode_ci DEFAULT NULL,
  `permission` varchar(255) COLLATE utf8_unicode_ci NOT NULL,
  `start_date` date DEFAULT NULL,
  `end_date` date DEFAULT NULL,
  `flag` enum('Active','Inactive') COLLATE utf8_unicode_ci NOT NULL DEFAULT 'Active',
  `status` tinyint(1) NOT NULL DEFAULT '0',
  `created_at` timestamp NULL DEFAULT NULL,
  `updated_at` timestamp NULL DEFAULT NULL
) ENGINE=InnoDB DEFAULT CHARSET=utf8 COLLATE=utf8_unicode_ci ROW_FORMAT=DYNAMIC;

-- --------------------------------------------------------

--
-- Table structure for table `comments`
--

CREATE TABLE `comments` (
  `id` int(11) NOT NULL,
  `user_id` int(11) UNSIGNED NOT NULL,
  `unique_id` int(11) NOT NULL,
  `belongs_to` varchar(100) COLLATE utf8_unicode_ci NOT NULL,
  `comment` text COLLATE utf8_unicode_ci NOT NULL,
  `created_at` timestamp NOT NULL DEFAULT CURRENT_TIMESTAMP,
  `updated_at` timestamp NULL DEFAULT NULL
) ENGINE=InnoDB DEFAULT CHARSET=utf8 COLLATE=utf8_unicode_ci;

-- --------------------------------------------------------

--
-- Table structure for table `companies`
--

CREATE TABLE `companies` (
  `id` int(10) UNSIGNED NOT NULL,
  `user_id` int(10) UNSIGNED NOT NULL,
  `company_name` varchar(255) COLLATE utf8_unicode_ci NOT NULL,
  `slug` varchar(255) COLLATE utf8_unicode_ci NOT NULL,
  `database` varchar(255) COLLATE utf8_unicode_ci NOT NULL,
  `ims_database` varchar(255) COLLATE utf8_unicode_ci DEFAULT NULL,
  `industry_no` int(10) UNSIGNED NOT NULL,
  `rc_number` varchar(255) COLLATE utf8_unicode_ci NOT NULL,
  `about_company` text COLLATE utf8_unicode_ci NOT NULL,
  `address` varchar(255) COLLATE utf8_unicode_ci NOT NULL,
  `phone_no` varchar(255) COLLATE utf8_unicode_ci NOT NULL,
  `email` varchar(255) COLLATE utf8_unicode_ci NOT NULL,
  `website` varchar(255) COLLATE utf8_unicode_ci NOT NULL,
  `city` varchar(255) COLLATE utf8_unicode_ci NOT NULL,
  `state` int(10) UNSIGNED NOT NULL,
  `country` int(10) UNSIGNED NOT NULL,
  `date_incorporated` int(11) NOT NULL,
  `no_of_staff` varchar(255) COLLATE utf8_unicode_ci NOT NULL,
  `visibility` enum('Only Me','My Connections','Public') COLLATE utf8_unicode_ci NOT NULL,
  `flag` enum('Active','Inactive') COLLATE utf8_unicode_ci NOT NULL,
  `created_at` timestamp NOT NULL DEFAULT '0000-00-00 00:00:00',
  `updated_at` timestamp NOT NULL DEFAULT '0000-00-00 00:00:00'
) ENGINE=InnoDB DEFAULT CHARSET=utf8 COLLATE=utf8_unicode_ci ROW_FORMAT=DYNAMIC;

--
-- Dumping data for table `companies`
--

INSERT INTO `companies` (`id`, `user_id`, `company_name`, `slug`, `database`, `ims_database`, `industry_no`, `rc_number`, `about_company`, `address`, `phone_no`, `email`, `website`, `city`, `state`, `country`, `date_incorporated`, `no_of_staff`, `visibility`, `flag`, `created_at`, `updated_at`) VALUES
(1, 2, 'JonnX', 'jonnx', 'ikooba_jonnx', NULL, 0, '2344', '', '', '', '', '', '', 0, 0, 0, '', 'Only Me', 'Active', '2017-08-10 09:51:57', '2017-09-28 14:41:45'),
(2, 3, 'Snow', 'snow', 'ikooba_snow', NULL, 0, '34322', '', '', '', '', '', '', 0, 0, 0, '', 'Only Me', 'Active', '2017-10-17 12:23:16', '2017-10-17 12:23:16');

-- --------------------------------------------------------

--
-- Table structure for table `countries`
--

CREATE TABLE `countries` (
  `id` int(10) UNSIGNED NOT NULL,
  `name` varchar(255) COLLATE utf8_unicode_ci NOT NULL,
  `country_code_long` varchar(20) COLLATE utf8_unicode_ci NOT NULL,
  `country_code` varchar(255) COLLATE utf8_unicode_ci NOT NULL,
  `dial_code` varchar(255) COLLATE utf8_unicode_ci NOT NULL DEFAULT '0',
  `time_zone` varchar(255) COLLATE utf8_unicode_ci NOT NULL DEFAULT '0',
  `region` enum('Africa','Antarctica','Asia','Europe','North America','Oceania','South America') COLLATE utf8_unicode_ci NOT NULL,
  `currency_name` varchar(50) COLLATE utf8_unicode_ci NOT NULL,
  `currency_code` varchar(20) COLLATE utf8_unicode_ci NOT NULL,
  `currency_symbol` varchar(255) COLLATE utf8_unicode_ci DEFAULT NULL,
  `edu_index` double UNSIGNED NOT NULL DEFAULT '0',
  `status` tinyint(3) UNSIGNED NOT NULL DEFAULT '1',
  `country_flag` varchar(20) COLLATE utf8_unicode_ci NOT NULL
) ENGINE=InnoDB DEFAULT CHARSET=utf8 COLLATE=utf8_unicode_ci;

--
-- Dumping data for table `countries`
--

INSERT INTO `countries` (`id`, `name`, `country_code_long`, `country_code`, `dial_code`, `time_zone`, `region`, `currency_name`, `currency_code`, `currency_symbol`, `edu_index`, `status`, `country_flag`) VALUES
(1, 'Afghanistan', 'AFG', 'AF', '+93', '0', 'Asia', 'Afghani', 'AFN', '؋', 0, 1, 'AF.png'),
(2, 'Albania', 'ALB', 'AL', '+335', '0', 'Europe', 'Lek', 'ALL', 'Lek', 0, 1, 'AL.png'),
(3, 'Algeria', 'DZA', 'DZ', '+213', '0', 'Africa', 'Dinar', 'DZD', 'د.ج', 0, 1, 'DZ.png'),
(4, 'American Samoa', 'ASM', 'AS', '+685', '0', 'Oceania', 'Dollar', 'USD', '$', 0, 1, 'AS.png'),
(5, 'Andorra', 'AND', 'AD', '+376', '0', 'Europe', 'Euro', 'EUR', '€', 0, 1, 'AD.png'),
(6, 'Angola', 'AGO', 'AO', '+244', '0', 'Africa', 'Kwanza', 'AOA', 'Kz', 0, 1, 'AO.png'),
(7, 'Anguilla', 'AIA', 'AI', '+1 264', '0', 'North America', 'Dollar', 'XCD', '$', 0, 1, 'AI.png'),
(8, 'Antarctica', 'ATA', 'AQ', '+672', '0', 'Antarctica', 'Dollar', 'AQD', 'A$', 0, 1, 'AQ.png'),
(9, 'Antigua And Barbuda', 'ATG', 'AG', '+1 268', '0', 'North America', 'Dollar', 'XCD', '$', 0, 1, 'AG.png'),
(10, 'Argentina', 'ARG', 'AR', '+54', '0', 'South America', 'Peso', 'ARS', '$', 0, 1, 'AR.png'),
(11, 'Armenia', 'ARM', 'AM', '+374', '0', 'Asia', 'Dram', 'AMD', NULL, 0, 1, 'AM.png'),
(12, 'Aruba', 'ABW', 'AW', '+297', '0', 'North America', 'Guilder', 'AWG', 'ƒ', 0, 1, 'AW.png'),
(13, 'Australia', 'AUS', 'AU', '+61', '0', 'Oceania', 'Dollar', 'AUD', '$', 0.927, 1, 'AU.png'),
(14, 'Austria', 'AUT', 'AT', '+43', '0', 'Europe', 'Euro', 'EUR', '€', 0, 1, 'AT.png'),
(15, 'Azerbaijan', 'AZE', 'AZ', '+994', '0', 'Asia', 'Manat', 'AXN', 'ман', 0, 1, 'AZ.png'),
(16, 'Bahamas The', 'BHS', 'BS', '+1 242', '0', 'North America', 'Dollar', 'BSD', '$', 0, 1, 'BS.png'),
(17, 'Bahrain', 'BHR', 'BH', '+973', '0', 'Asia', 'Dinar', 'BHD', '.د.ب', 0, 1, 'BH.png'),
(18, 'Bangladesh', 'BGD', 'BD', '+880', '0', 'Asia', 'Taka', 'BDT', '৳', 0, 1, 'BD.png'),
(19, 'Barbados', 'BRB', 'BB', '+1 246', '0', 'North America', 'Dollar', 'BBD', '$', 0, 1, 'BB.png'),
(20, 'Belarus', 'BLR', 'BY', '+375', '0', 'Europe', 'Ruble', 'BYR', 'p.', 0, 1, 'BY.png'),
(21, 'Belgium', 'BEL', 'BE', '+32', '0', 'Europe', 'Franc', 'XOF', '€', 0, 1, 'BF.png'),
(22, 'Belize', 'BLZ', 'BZ', '+501', '0', 'North America', 'Dollar', 'BZD', 'BZ$', 0, 1, 'BZ.png'),
(23, 'Benin', 'BEN', 'BJ', '+229', '0', 'Africa', 'Franc', 'XOF', NULL, 0, 1, 'BJ.png'),
(24, 'Bermuda', 'BMU', 'BM', '+1 441', '0', 'North America', 'Dollar', 'BMD', '$', 0, 1, 'BM.png'),
(25, 'Bhutan', 'BTN', 'BT', '+975', '0', 'Asia', 'Ngultrum', 'BTN', NULL, 0, 1, 'BT.png'),
(26, 'Bolivia', 'BOL', 'BO', '+591', '0', 'South America', 'Boliviano', 'BOB', '$b', 0, 1, 'BO.png'),
(27, 'Bosnia and Herzegovina', 'BIH', 'BA', '+387', '0', 'Europe', 'Marka', 'BAM', 'KM', 0, 1, 'BA.png'),
(28, 'Botswana', 'BWA', 'BW', '+267', '0', 'Africa', 'Pula', 'BWP', 'P', 0, 1, 'BW.png'),
(29, 'Bouvet Island', 'BVT', 'BV', '', '0', 'Antarctica', 'Krone', 'NOK', 'kr', 0, 1, 'BV.png'),
(30, 'Brazil', 'BRA', 'BR', '+55', '0', 'South America', 'Real', 'BRL', 'R$', 0, 1, 'BR.png'),
(31, 'British Indian Ocean Territory', '', 'IO', '', '0', 'Asia', '', '', NULL, 0, 1, ''),
(32, 'Brunei', 'BRN', 'BN', '+673', '0', 'Asia', 'Dollar', 'BND', '$', 0, 1, 'BN.png'),
(33, 'Bulgaria', 'BGR', 'BG', '+359', '0', 'Europe', 'Lev', 'BGN', 'лв', 0, 1, 'BG.png'),
(34, 'Burkina Faso', 'BFA', 'BF', '+226', '0', 'Africa', 'Franc', 'XOF', NULL, 0, 1, 'BF.png'),
(35, 'Burundi', 'BDI', 'BI', '+257', '0', 'Africa', 'Franc', 'BIF', NULL, 0, 1, 'BI.png'),
(36, 'Cambodia', 'KHM', 'KH', '+855', '0', 'Asia', 'Riels', '៛', NULL, 0, 1, 'KH.png'),
(37, 'Cameroon', 'CMR', 'CM', '+237', '0', 'Africa', 'Franc', 'XAF', 'FCF', 0, 1, 'CM.png'),
(38, 'Canada', 'CAN', 'CA', '+1', '0', 'North America', 'Dollar', 'CAD', '$', 0.85, 1, 'CA.png'),
(39, 'Cape Verde', 'CPV', 'CV', '+238', '0', 'Africa', 'Escudo', 'CVE', NULL, 0, 1, 'CV.png'),
(40, 'Cayman Islands', 'CYM', 'KY', '+1 345', '0', 'North America', 'Dollar', 'KYD', '$', 0, 1, 'KY.png'),
(41, 'Central African Republic', 'CAF', 'CF', '+236', '0', 'Africa', 'Franc', 'XAF', 'FCF', 0, 1, 'CF.png'),
(42, 'Chad', 'TCD', 'TD', '+235', '0', 'Africa', 'Franc', 'XAF', NULL, 0, 1, 'TD.png'),
(43, 'Chile', 'CHL', 'CL', '+56', '0', 'South America', 'Peso', 'CLP', NULL, 0, 1, 'CL.png'),
(44, 'China', 'CHN', 'CN', '+86', '0', 'Asia', 'Yuan Renminbi', 'CNY', '¥', 0, 1, 'CN.png'),
(45, 'Christmas Island', 'CXR', 'CX', '+672', '0', 'Asia', 'Dollar', 'AUD', '$', 0, 1, 'CX.png'),
(46, 'Cocos (Keeling) Islands', 'CCK', 'CC', '+672', '0', 'Asia', 'Dollar', 'AUD', '$', 0, 1, 'CC.png'),
(47, 'Colombia', 'COL', 'CO', '+57', '0', 'South America', 'Peso', 'COP', '$', 0, 1, 'CO.png'),
(48, 'Comoros', 'COM', 'KM', '+269', '0', 'Africa', 'Franc', 'KMF', NULL, 0, 1, 'KM.png'),
(49, 'Congo', 'COG', 'CG', '+242', '0', 'Africa', 'Franc', 'XAF', 'FCF', 0, 1, 'CG.png'),
(50, 'Congo The Democratic Republic Of The', 'COD', 'CD', '+243', '0', 'Africa', 'Franc', 'CDF', NULL, 0, 1, 'CD.png'),
(51, 'Cook Islands', 'COK', 'CK', '+682', '0', 'Oceania', 'Dollar', 'NZD', '$', 0, 1, 'CK.png'),
(52, 'Costa Rica', 'CRI', 'CR', '+506', '0', 'North America', 'Colon', 'CRC', NULL, 0, 1, 'CR.png'),
(53, 'Cote D\'Ivoire (Ivory Coast)', 'CIV', 'CI', '+225', '0', 'Africa', 'Franc', 'XOF', NULL, 0, 1, 'CI.png'),
(54, 'Croatia (Hrvatska)', 'HRV', 'HR', '+385', '0', 'Europe', 'Kuna', 'HRK', 'kn', 0, 1, 'HR.png'),
(55, 'Cuba', 'CUB', 'CU', '+53', '0', 'North America', 'Peso', 'CUP', NULL, 0, 1, 'CU.png'),
(56, 'Cyprus', 'CYP', 'CY', '+357', '0', 'Asia', 'Pound', 'CYP', NULL, 0, 1, 'CY.png'),
(57, 'Czech Republic', 'CZE', 'CZ', '+42', '0', 'Europe', 'Koruna', 'CZK', 'Kč', 0.866, 1, 'CZ.png'),
(58, 'Denmark', 'DNK', 'DK', '+45', '0', 'Europe', 'Krone', 'DKK', 'kr', 0.873, 1, 'DK.ng'),
(59, 'Djibouti', 'DJI', 'DJ', '+253', '0', 'Africa', 'Franc', 'DJF', NULL, 0, 1, 'DJ.png'),
(60, 'Dominica', 'DMA', 'DM', '+1 767', '0', 'North America', 'Dollar', 'XCD', '$', 0, 1, 'DM.png'),
(61, 'Dominican Republic', 'DOM', 'DO', '+1 809', '0', 'North America', 'Peso', 'DOP', 'RD$', 0, 1, 'DO.png'),
(62, 'East Timor', 'TLS', 'TP', '', '0', 'Asia', 'Dollar', 'USD', '$', 0, 1, 'TL.png'),
(63, 'Ecuador', 'ECU', 'EC', '+593', '0', 'South America', 'Dollar', 'USD', '$', 0, 1, 'EC.png'),
(64, 'Egypt', 'EGY', 'EG', '+20', '0', 'Africa', 'Pound', '', '£', 0, 1, 'EG.png'),
(65, 'El Salvador', 'SLV', 'SV', '+503', '0', 'North America', 'Colone', 'SVC', '$', 0, 1, 'SV.png'),
(66, 'Equatorial Guinea', 'GNQ', 'GQ', '+240', '0', 'Africa', 'Franc', 'XAF', 'FCF', 0, 1, 'GQ.png'),
(67, 'Eritrea', 'ERI', 'ER', '+291', '0', 'Africa', 'Nakfa', 'ERN', 'Nfk', 0, 1, 'ER.png'),
(68, 'Estonia', 'EST', 'EE', '+372', '0', 'Europe', 'Kroon', 'EEK', 'kr', 0.859, 1, 'EE.png'),
(69, 'Ethiopia', 'ETH', 'ET', '+251', '0', 'Africa', 'Birr', 'ETB', NULL, 0, 1, 'ET.png'),
(70, 'External Territories of Australia', '', 'XA', '', '0', 'Oceania', '', '', NULL, 0, 1, ''),
(71, 'Falkland Islands', 'FLK', 'FK', '+500', '0', 'South America', 'Pound', 'FKP', '£', 0, 1, 'FK.png'),
(72, 'Faroe Islands', 'FRO', 'FO', '+298', '0', 'Europe', 'Krone', 'DKK', 'kr', 0, 1, 'FO.png'),
(73, 'Fiji Islands', 'FJI', 'FJ', '+679', '0', 'Oceania', 'Dollar', 'FJD', '$', 0, 1, 'FJ.png'),
(74, 'Finland', 'FIN', 'FI', '+358', '0', 'Europe', 'Euro', 'EUR', '€', 0, 1, 'FI.png'),
(75, 'France', 'FRA', 'FR', '+33', '0', 'Europe', 'Euro', 'EUR', '€', 0, 1, 'FR.png'),
(76, 'French Guiana', 'GUF', 'GF', '+594', '0', 'South America', 'Euro', 'EUR', '€', 0, 1, 'GF.png'),
(77, 'French Polynesia', 'PYF', 'PF', '+689', '0', 'Oceania', 'Franc', 'XPF', NULL, 0, 1, 'PF.png'),
(78, 'French Southern Territories', 'ATF', 'TF', '', '0', 'Antarctica', 'Euro', 'EUR', '€', 0, 1, 'TF.png'),
(79, 'Gabon', 'GAB', 'GA', '+241', '0', 'Africa', 'Franc', 'XAF', 'FCF', 0, 1, 'GA.png'),
(80, 'Gambia The', 'GMB', 'GM', '+220', '0', 'Africa', 'Dalasi', 'GMD', 'D', 0, 1, 'GM.png'),
(81, 'Georgia', 'GEO', 'GE', '+995', '0', 'Asia', 'Lari', 'GEL', NULL, 0, 1, 'GE.png'),
(82, 'Germany', 'DEU', 'DE', '+49', '0', 'Europe', 'Euro', 'EUR', '€', 0.884, 1, 'DE.png'),
(83, 'Ghana', 'GHA', 'GH', '+233', '0', 'Africa', 'Cedi', 'GHC', '¢', 0, 1, 'GH.png'),
(84, 'Gibraltar', 'GIB', 'GI', '+350', '0', 'Europe', 'Pound', 'GIP', '£', 0, 1, 'GI.png'),
(85, 'Greece', 'GRC', 'GR', '+30', '0', 'Europe', 'Euro', 'EUR', '€', 0, 1, 'GR.png'),
(86, 'Greenland', 'GRL', 'GL', '+299', '0', 'North America', 'Krone', 'DKK', 'kr', 0, 1, 'GL.png'),
(87, 'Grenada', 'GRD', 'GD', '+1 473', '0', 'North America', 'Dollar', 'XCD', '$', 0, 1, 'GD.png'),
(88, 'Guadeloupe', 'GLP', 'GP', '+590', '0', 'North America', 'Euro', 'EUR', '€', 0, 1, 'GP.png'),
(89, 'Guam', 'GUM', 'GU', '+671', '0', 'Oceania', 'Dollar', 'USD', '$', 0, 1, 'GU.png'),
(90, 'Guatemala', 'GTM', 'GT', '+502', '0', 'North America', 'Quetzal', 'GTQ', 'Q', 0, 1, 'GT.png'),
(91, 'Guernsey and Alderney', '', 'XU', '', '0', 'Europe', '', '', NULL, 0, 1, ''),
(92, 'Guinea', 'GIN', 'GN', '+224', '0', 'Africa', 'Franc', 'GNF', NULL, 0, 1, 'GN.png'),
(93, 'Guinea-Bissau', 'GNB', 'GW', '+245', '0', 'Africa', 'Franc', 'XOF', NULL, 0, 1, 'GW.png'),
(94, 'Guyana', 'GUY', 'GY', '+592', '0', 'South America', 'Dollar', 'GYD', '$', 0, 1, 'GY.png'),
(95, 'Haiti', 'HTI', 'HT', '+509', '0', 'North America', 'Gourde', 'HTG', 'G', 0, 1, 'HT.png'),
(96, 'Heard and McDonald Islands', 'HMD', 'HM', '', '0', 'Antarctica', 'Dollar', 'AUD', '$', 0, 1, 'HM.png'),
(97, 'Honduras', 'HND', 'HN', '+504', '0', 'North America', 'Lempira', 'HNL', 'L', 0, 1, 'HN.png'),
(98, 'Hong Kong S.A.R.', 'HKG', 'HK', '+852', '0', 'Asia', 'HKD', 'Dollar', '$', 0, 1, 'HK.png'),
(99, 'Hungary', 'HUN', 'HU', '+36', '0', 'Europe', 'HUF', 'Forint', 'Ft', 0, 1, 'HU.png'),
(100, 'Iceland', 'ISL', 'IS', '+354', '0', 'Europe', 'Krona', 'ISK', 'kr', 0, 1, 'IS.png'),
(101, 'India', 'IND', 'IN', '+91', '0', 'Asia', 'Rupee', 'INR', '₹', 0, 1, 'IN.png'),
(102, 'Indonesia', 'IDN', 'ID', '+62', '0', 'Asia', 'Rupiah', 'IDR', 'Rp', 0, 1, 'ID.png'),
(103, 'Iran', 'IRN', 'IR', '+98', '0', 'Asia', 'Rial', 'IRR', '﷼', 0, 1, 'IR.png'),
(104, 'Iraq', 'IRQ', 'IQ', '+964', '0', 'Asia', 'Dinar', 'IQD', NULL, 0, 1, 'IQ.png'),
(105, 'Ireland', 'IRL', 'IE', '+353', '0', 'Europe', 'Euro', 'EUR', '€', 0.887, 1, 'IE.png'),
(106, 'Israel', 'ISR', 'IL', '+972', '0', 'Asia', 'Shekel', 'ILS', '₪', 0.854, 1, 'IL.png'),
(107, 'Italy', 'ITA', 'IT', '+39', '0', 'Europe', 'Euro', 'EUR', '€', 0, 1, 'IT.png'),
(108, 'Jamaica', 'JAM', 'JM', '+1 876', '0', 'North America', 'Dollar', 'JMD', '$', 0, 1, 'JM.png'),
(109, 'Japan', 'JAP', 'JP', '+81', '0', 'Asia', 'Yen', 'JPY', '¥', 0, 1, 'JP.png'),
(110, 'Jersey', '', 'XJ', '', '0', 'Europe', '', '', NULL, 0, 1, ''),
(111, 'Jordan', 'JOR', 'JO', '+962', '0', 'Asia', 'Dinar', 'JOD', NULL, 0, 1, 'JO.png'),
(112, 'Kazakhstan', 'KAZ', 'KZ', '+7', '0', 'Asia', 'Tenge', 'KZT', 'лв', 0, 1, 'KZ.png'),
(113, 'Kenya', 'KEN', 'KE', '+254', '0', 'Africa', 'Shilling', 'KES', NULL, 0, 1, 'KE.png'),
(114, 'Kiribati', 'KIR', 'KI', '+686', '0', 'Oceania', 'Dollar', 'AUD', '$', 0, 1, 'KI.png'),
(115, 'Korea North', 'PRK', 'KP', '+850', '0', 'Asia', 'Won', 'KPW', '₩', 0, 1, 'KP.png'),
(116, 'Korea South', 'KOR', 'KR', '+82', '0', 'Asia', 'Won', 'KRW', '₩', 0, 1, 'KR.png'),
(117, 'Kuwait', 'KWT', 'KW', '+965', '0', 'Asia', 'Dinar', 'KWD', '[Null]', 0, 1, 'KW.png'),
(118, 'Kyrgyzstan', 'KGZ', 'KG', '+7', '0', 'Asia', 'Som', 'KGS', 'лв', 0, 1, 'KG.png'),
(119, 'Laos', 'LAO', 'LA', '+856', '0', 'Asia', 'Kip', 'LAK', '₭', 0, 1, 'LA.png'),
(120, 'Latvia', 'LVA', 'LV', '+371', '0', 'Europe', 'Lat', 'LVL', 'Ls', 0, 1, 'LV.png'),
(121, 'Lebanon', 'LBN', 'LB', '+961', '0', 'Asia', 'Pound', 'LBP', '£', 0, 1, 'LB.png'),
(122, 'Lesotho', 'LSO', 'LS', '+266', '0', 'Africa', 'Loti', 'LSL', 'L', 0, 1, 'LS.png'),
(123, 'Liberia', 'LBR', 'LR', '+231', '0', 'Africa', 'Dollar', 'LRD', '$', 0, 1, 'LR.png'),
(124, 'Libya', 'LBY', 'LY', '+218', '0', 'Africa', 'Dinar', 'LYD', NULL, 0, 1, 'LY.png'),
(125, 'Liechtenstein', 'LIE', 'LI', '+423', '0', 'Europe', 'Franc', 'CHF', 'CHF', 0, 1, 'LI.png'),
(126, 'Lithuania', 'LTU', 'LT', '+370', '0', 'Europe', 'Litas', 'LTL', 'Lt', 0.877, 1, 'LT.png'),
(127, 'Luxembourg', 'LUX', 'LU', '+352', '0', 'Europe', 'Euro', 'EUR', '€', 0, 1, 'LU.png'),
(128, 'Macau S.A.R.', 'MAC', 'MO', '+853', '0', 'Asia', 'Pataca', 'MOP', 'MOP', 0, 1, 'MO.png'),
(129, 'Macedonia', 'MKD', 'MK', '+389', '0', 'Europe', 'Denar', 'MKD', 'ден', 0, 1, 'MK.png'),
(130, 'Madagascar', 'MDG', 'MG', '+261', '0', 'Africa', 'Ariary', 'MGA', NULL, 0, 1, 'MG.png'),
(131, 'Malawi', 'MWI', 'MW', '+265', '0', 'Africa', 'Kwacha', 'MWK', 'MK', 0, 1, 'MW.png'),
(132, 'Malaysia', 'MYS', 'MY', '+60', '0', 'Asia', 'Ringgit', 'MYR', 'RM', 0, 1, 'MY.png'),
(133, 'Maldives', 'MDV', 'MV', '+960', '0', 'Asia', 'Rufiyaa', 'MVR', 'Rf', 0, 1, 'MV.png'),
(134, 'Mali', 'MLI', 'ML', '+223', '0', 'Africa', 'Franc', 'XOF', NULL, 0, 1, 'ML.png'),
(135, 'Malta', 'MLT', 'MT', '+356', '0', 'Europe', 'Lira', 'MTL', NULL, 0, 1, 'MT.png'),
(136, 'Man (Isle of)', '', 'XM', '', '0', 'Europe', '', '', NULL, 0, 1, ''),
(137, 'Marshall Islands', 'MHL', 'MH', '+692', '0', 'Oceania', 'Dollar', 'USD', '$', 0, 1, 'MH.png'),
(138, 'Martinique', 'MTQ', 'MQ', '+596', '0', 'North America', 'Euro', 'EUR', '€', 0, 1, 'MQ.png'),
(139, 'Mauritania', 'MRT', 'MR', '+222', '0', 'Africa', 'Ouguiya', 'MRO', 'UM', 0, 1, 'MR.png'),
(140, 'Mauritius', 'MUS', 'MU', '+230', '0', 'Africa', 'Rupee', 'MUR', 'Rs', 0, 1, 'MU.png'),
(141, 'Mayotte', 'MYT', 'YT', '+269', '0', 'Africa', 'Euro', 'EUR', '€', 0, 1, 'YT.png'),
(142, 'Mexico', 'MEX', 'MX', '+52', '0', 'North America', 'Peso', 'MXN', '$', 0, 1, 'MX.png'),
(143, 'Micronesia', 'FSM', 'FM', '+691', '0', 'Oceania', 'Dollar', 'USD', '$', 0, 1, 'FM.png'),
(144, 'Moldova', 'MDA', 'MD', '+373', '0', 'Europe', 'Leu', 'MDL', NULL, 0, 1, 'MD.png'),
(145, 'Monaco', 'MCO', 'MC', '+377', '0', 'Europe', 'Euro', 'EUR', '€', 0, 1, 'MC.png'),
(146, 'Mongolia', 'MNG', 'MN', '+976', '0', 'Asia', 'Tugrik', 'MNT', '₮', 0, 1, 'MN.png'),
(147, 'Montserrat', 'MSR', 'MS', '+1 664', '0', 'North America', 'Dollar', 'XCD', '$', 0, 1, 'MS.png'),
(148, 'Morocco', 'MAR', 'MA', '+212', '0', 'Africa', 'Dirham', 'MAD', NULL, 0, 1, 'MA.png'),
(149, 'Mozambique', 'MOZ', 'MZ', '+258', '0', 'Africa', 'Meticail', 'MZN', 'MT', 0, 1, 'MZ.png'),
(150, 'Myanmar', 'MMR', 'MM', '+95', '0', 'Asia', 'Kyat', 'MMK', 'K', 0, 1, 'MM.png'),
(151, 'Namibia', 'NAM', 'NA', '+264', '0', 'Africa', 'Dollar', 'NAD', '$', 0, 1, 'NA.png'),
(152, 'Nauru', 'NRU', 'NR', '+674', '0', 'Oceania', 'Dollar', 'AUD', '$', 0, 1, 'NR.png'),
(153, 'Nepal', 'NPL', 'NP', '+977', '0', 'Asia', 'Rupe', 'NPR', 'Rs', 0, 1, 'NP.png'),
(154, 'Netherlands Antilles', 'ANT', 'AN', '+599', '0', 'North America', 'Guilder', 'ANG', 'ƒ', 0, 1, 'AN.png'),
(155, 'Netherlands The', 'NLD', 'NL', '+31', '0', 'Europe', 'Euro', 'EUR', '€', 0.894, 1, 'NL.png'),
(156, 'New Caledonia', 'NCL', 'NC', '+687', '0', 'Oceania', 'Franc', 'XPF', NULL, 0, 1, 'NC.png'),
(157, 'New Zealand', 'NZL', 'NZ', '+64', '0', 'Oceania', 'Dollar', 'NZD', '$', 0.917, 1, 'NZ.png'),
(158, 'Nicaragua', 'NIC', 'NI', '+505', '0', 'North America', 'Corodoba', 'NIO', 'C$', 0, 1, 'NI.png'),
(159, 'Niger', 'NER', 'NE', '+227', '0', 'Africa', 'Franc', 'XOF', NULL, 0, 1, 'NE.png'),
(160, 'Nigeria', 'NGA', 'NG', '+234', '0', 'Africa', 'Naira', 'NGN', '₦', 0, 1, 'NG.png'),
(161, 'Niue', 'NIU', 'NU', '', '0', 'Oceania', 'Dollar', 'NZD', '$', 0, 1, 'NU.png'),
(162, 'Norfolk Island', 'NFK', 'NF', '', '0', 'Oceania', 'Dollar', 'AUD', '$', 0, 1, 'NF.png'),
(163, 'Northern Mariana Islands', 'MNP', 'MP', '', '0', 'Oceania', 'Dollar', 'USD', '$', 0, 1, 'MP.png'),
(164, 'Norway', 'NOR', 'NO', '+47', '0', 'Europe', 'Krone', 'NOR', 'kr', 0.91, 1, 'NO.png'),
(165, 'Oman', 'OMN', 'OM', '+968', '0', 'Asia', 'Rial', 'OMR', '﷼', 0, 1, 'OM.png'),
(166, 'Pakistan', 'PAK', 'PK', '+92', '0', 'Asia', 'Rupee', 'PKR', 'Rs', 0, 1, 'PK.png'),
(167, 'Palau', 'PLW', 'PW', '', '0', 'Oceania', 'Dollar', 'USD', '$', 0, 1, 'PW.png'),
(168, 'Palestinian Territory Occupied', 'PSE', 'PS', '', '0', 'Asia', 'Shekel', 'ILS', '₪', 0, 1, 'PS.png'),
(169, 'Panama', 'PAN', 'PA', '+507', '0', 'North America', 'Balboa', 'PAB', 'B/.', 0, 1, 'PA.png'),
(170, 'Papua new Guinea', 'PNG', 'PG', '+675', '0', 'Oceania', 'Kina', 'PGK', NULL, 0, 1, 'PG.png'),
(171, 'Paraguay', 'PRY', 'PY', '+595', '0', 'South America', 'Guarani', 'PYG', 'Gs', 0, 1, 'PY.png'),
(172, 'Peru', 'PER', 'PE', '+51', '0', 'South America', 'Sol', 'PEN', 'S/.', 0, 1, 'PE.png'),
(173, 'Philippines', 'PHL', 'PH', '+63', '0', 'Asia', 'Peso', 'PHP', 'Php', 0, 1, 'PH.png'),
(174, 'Pitcairn Island', 'PCN', 'PN', '+649', '0', 'Oceania', 'Dollar', 'NZD', '$', 0, 1, 'PN.png'),
(175, 'Poland', 'POL', 'PL', '+48', '0', 'Europe', 'Zolty', 'PLN', 'zł', 0, 1, 'PL.png'),
(176, 'Portugal', 'PRT', 'PT', '+351', '0', 'Europe', 'Euro', 'EUR', '€', 0, 1, 'PT.png'),
(177, 'Puerto Rico', 'PRI', 'PR', '+1 787', '0', 'North America', 'Dollar', 'USD', '$', 0, 1, 'PR.png'),
(178, 'Qatar', 'QAT', 'QA', '+974', '0', 'Asia', 'Rial', 'QAR', '﷼', 0, 1, 'QA.png'),
(179, 'Reunion', 'REU', 'RE', '', '0', 'Africa', 'Euro', 'EUR', '€', 0, 1, 'RE.png'),
(180, 'Romania', 'ROU', 'RO', '+40', '0', 'Europe', 'Leu', 'RON', 'lei', 0, 1, 'RO.png'),
(181, 'Russia', 'RUS', 'RU', '+7', '0', 'Europe', 'Ruble', 'RUB', 'py6', 0, 1, 'RU.png'),
(182, 'Rwanda', 'RWA', 'RW', '+250', '0', 'Africa', 'Franc', 'RWF', NULL, 0, 1, 'RW.png'),
(183, 'Saint Helena', 'SHN', 'SH', '+290', '0', 'Africa', 'Pound', 'SHP', '£', 0, 1, 'SH.png'),
(184, 'Saint Kitts And Nevis', 'KNA', 'KN', '+1 869', '0', 'North America', 'Dollar', 'XCD', '$', 0, 1, 'KN.png'),
(185, 'Saint Lucia', 'LCA', 'LC', '+1 758', '0', 'North America', 'Dollar', 'XCD', '$', 0, 1, 'LC.png'),
(186, 'Saint Pierre and Miquelon', 'SPM', 'PM', '', '0', 'North America', 'Euro', 'EUR', '€', 0, 1, 'PM.png'),
(187, 'Saint Vincent And The Grenadines', 'VCT', 'VC', '+1 784', '0', 'North America', 'Dollar', 'XCD', '$', 0, 1, 'VC.png'),
(188, 'Samoa', 'WSM', 'WS', '+685', '0', 'Oceania', 'Tala', 'WST', 'WS$', 0, 1, 'WS.png'),
(189, 'San Marino', 'SMR', 'SM', '+378', '0', 'Europe', 'Euro', 'EUR', '€', 0, 1, 'SM.png'),
(190, 'Sao Tome and Principe', 'STP', 'ST', '', '0', 'Africa', 'Dobra', 'STD', 'Db', 0, 1, 'ST.png'),
(191, 'Saudi Arabia', 'SAU', 'SA', '+966', '0', 'Asia', 'Rial', 'SAR', '﷼', 0, 1, 'SA.png'),
(192, 'Senegal', 'SEN', 'SN', '+221', '0', 'Africa', 'Franc', 'XOF', NULL, 0, 1, 'SN.png'),
(193, 'Serbia', 'SCG', 'RS', '+381', '0', 'Europe', 'Dinar', 'RSD', 'Дин', 0, 1, 'CS.png'),
(194, 'Seychelles', 'SYC', 'SC', '+248', '0', 'Africa', 'Rupee', 'SCR', 'Rs', 0, 1, 'SC.png'),
(195, 'Sierra Leone', 'SLE', 'SL', '+232', '0', 'Africa', 'Leone', 'SLL', 'Le', 0, 1, 'SL.png'),
(196, 'Singapore', 'SGP', 'SG', '+65', '0', 'Asia', 'Dollar', 'SGD', '$', 0, 1, 'SG.png'),
(197, 'Slovakia', 'SVK', 'SK', '+421', '0', 'Europe', 'Koruna', 'SKK', 'Sk', 0, 1, 'SK.png'),
(198, 'Slovenia', 'SVN', 'SI', '+386', '0', 'Europe', 'Euro', 'EUR', '€', 0.863, 1, 'SI.png'),
(199, 'Smaller Territories of the UK', '', 'XG', '', '0', 'Europe', '', '', NULL, 0, 1, ''),
(200, 'Solomon Islands', 'SLB', 'SB', '+677', '0', 'Oceania', 'Dollar', 'SBD', '$', 0, 1, 'SB.png'),
(201, 'Somalia', 'SOM', 'SO', '+252', '0', 'Africa', 'Shilling', 'SOS', 'S', 0, 1, 'SO.png'),
(202, 'South Africa', 'ZAF', 'ZA', '+27', '0', 'Africa', 'Rand', 'ZAR', 'R', 0, 1, 'ZA.png'),
(203, 'South Georgia', 'SGS', 'GS', '', '0', 'Antarctica', 'Pound', 'GBP', '£', 0, 1, 'GS.png'),
(204, 'South Sudan', '', 'SS', '+249', '0', 'Africa', 'Piasters', 'SSP', NULL, 0, 1, 'SS.png'),
(205, 'Spain', 'ESP', 'ES', '+349', '0', 'Europe', 'Euro', 'EUR', '€', 0, 1, 'ES.png'),
(206, 'Sri Lanka', 'LKA', 'LK', '+94', '0', 'Asia', 'Rupee', 'LKR', 'Rs', 0, 1, 'LK.png'),
(207, 'Sudan', 'SDN', 'SD', '+249', '0', 'Africa', 'Dinar', 'SDD', NULL, 0, 1, 'SD.png'),
(208, 'Suriname', 'SUR', 'SR', '+597', '0', 'South America', 'Dollar', 'SRD', '$', 0, 1, 'SR.png'),
(209, 'Svalbard And Jan Mayen Islands', 'SJM', 'SJ', '', '0', 'Europe', 'Krone', 'NOK', 'kr', 0, 1, 'SJ.png'),
(210, 'Swaziland', 'SWZ', 'SZ', '+268', '0', 'Africa', 'SZL', 'Liangeni', NULL, 0, 1, 'SZ.png'),
(211, 'Sweden', 'SWE', 'SE', '+46', '0', 'Europe', 'Krona', 'SEK', 'kr', 0, 1, 'SE.png'),
(212, 'Switzerland', 'CHE', 'CH', '+41', '0', 'Europe', 'Franc', 'CHF', 'CHF', 0, 1, 'CH.png'),
(213, 'Syria', 'SYR', 'SY', '+963', '0', 'Asia', 'SYP', 'Pound', '£', 0, 1, 'SY.png'),
(214, 'Taiwan', 'TWN', 'TW', '+886', '0', 'Asia', 'Dollar', 'TWD', 'NT$', 0, 1, 'TW.png'),
(215, 'Tajikistan', 'TJK', 'TJ', '+7', '0', 'Asia', 'Somoni', 'TJS', NULL, 0, 1, 'TJ.png'),
(216, 'Tanzania', 'TZA', 'TZ', '+255', '0', 'Africa', 'Shiling', 'TZS', NULL, 0, 1, 'TZ.png'),
(217, 'Thailand', 'THA', 'TH', '+66', '0', 'Asia', 'Baht', 'THB', '฿', 0, 1, 'TH.png'),
(218, 'Togo', 'TGO', 'TG', '+228', '0', 'Africa', 'Franc', 'XOF', NULL, 0, 1, 'TG.png'),
(219, 'Tokelau', 'TKL', 'TK', '', '0', 'Oceania', 'Dollar', 'NZD', '$', 0, 1, 'TK.png'),
(220, 'Tonga', 'TON', 'TO', '+676', '0', 'Oceania', 'Pa\'anga', 'TOP', 'T$', 0, 1, 'TO.png'),
(221, 'Trinidad And Tobago', 'TTO', 'TT', '+1 868', '0', 'North America', 'Dollar', 'TTD', 'TT$', 0, 1, 'TT.png'),
(222, 'Tunisia', 'TUN', 'TN', '+216', '0', 'Africa', 'Dinar', 'TND', NULL, 0, 1, 'TN.png'),
(223, 'Turkey', 'TUR', 'TR', '+90', '0', 'Europe', 'Lira', 'TRY', 'YTL', 0, 1, 'TR.png'),
(224, 'Turkmenistan', 'TKM', 'TM', '+7', '0', 'Asia', 'Manat', 'TNM', 'm', 0, 1, 'TM.png'),
(225, 'Turks And Caicos Islands', 'TCA', 'TC', '+1 649', '0', 'North America', 'Dollar', 'USD', '$', 0, 1, 'TC.png'),
(226, 'Tuvalu', 'TUV', 'TV', '+688', '0', 'Oceania', 'Dollar', 'AUD', '$', 0, 1, 'TV.png'),
(227, 'Uganda', 'UGA', 'UG', '+256', '0', 'Africa', 'Shiling', 'UGX', '$', 0, 1, 'UG.png'),
(228, 'Ukraine', 'UKR', 'UA', '+380', '0', 'Europe', 'Hryvnia', 'UAH', '₴', 0, 1, 'UA.png'),
(229, 'United Arab Emirates', 'ARE', 'AE', '+971', '0', 'Asia', 'Dirham', 'AED', NULL, 0, 1, 'AE.png'),
(230, 'United Kingdom', 'GBR', 'GB', '+44', '0', 'Europe', 'Pound', 'GBP', '£', 0.86, 1, 'GB.png'),
(231, 'United States', 'USA', 'US', '+1', '0', 'North America', 'Dollar', 'USD', '$', 0.89, 1, 'US.png'),
(232, 'United States Minor Outlying Islands', 'UMI', 'UM', '', '0', 'Oceania', 'Dollar', 'USD', '$', 0, 1, 'UM.png'),
(233, 'Uruguay', 'URY', 'UY', '+598', '0', 'South America', 'Peso', 'UYU', '$U', 0, 1, 'UY.png'),
(234, 'Uzbekistan', 'UZB', 'UZ', '+998', '0', 'Asia', 'Som', 'UZS', 'лв', 0, 1, 'UZ.png'),
(235, 'Vanuatu', 'VUT', 'VU', '+678', '0', 'Oceania', 'Vatu', 'VUV', 'Vt', 0, 1, 'VU.png'),
(236, 'Vatican City State (Holy See)', 'VAT', 'VA', '+39', '0', 'Europe', 'Euro', 'EUR', '€', 0, 1, 'VA.png'),
(237, 'Venezuela', 'VEN', 'VE', '+58', '0', 'South America', 'Bolivar', 'VEF', 'Bs', 0, 1, 'VE.png'),
(238, 'Vietnam', 'VNM', 'VN', '+84', '0', 'Asia', 'Dong', 'VND', '₫', 0, 1, 'VN.png'),
(239, 'Virgin Islands (British)', '', 'VG', '+1 284', '0', 'North America', '', '', NULL, 0, 1, 'VG.png'),
(240, 'Virgin Islands (US)', 'VIR', 'VI', '+1 340', '0', 'North America', 'USD', 'Dollar', '$', 0, 1, 'VI.png'),
(241, 'Wallis And Futuna Islands', 'WLF', 'WF', '', '0', 'Oceania', 'Franc', 'XPF', NULL, 0, 1, 'WF.png'),
(242, 'Western Sahara', 'ESH', 'EH', '', '0', 'Africa', 'Dirham', 'MAD', NULL, 0, 1, 'EH.png'),
(243, 'Yemen', 'YEM', 'YE', '+967', '0', 'Asia', 'Rial', 'YER', '﷼', 0, 1, 'YE.png'),
(244, 'Yugoslavia', '', 'YU', '', '0', 'Africa', '', '', NULL, 0, 1, 'YU.png'),
(245, 'Zambia', 'ZMB', 'ZM', '+260', '0', 'Africa', 'Kwacha', 'ZMK', 'ZK', 0, 1, 'ZM.png'),
(246, 'Zimbabwe', 'ZWE', 'ZW', '+263', '0', 'Africa', 'Dollar', 'ZWD', 'Z$', 0, 1, 'ZW.png');

-- --------------------------------------------------------

--
-- Table structure for table `custom_fields`
--

CREATE TABLE `custom_fields` (
  `id` int(11) NOT NULL,
  `form` varchar(200) COLLATE utf8_unicode_ci NOT NULL,
  `field_name` varchar(200) COLLATE utf8_unicode_ci NOT NULL,
  `field_title` varchar(200) COLLATE utf8_unicode_ci NOT NULL,
  `field_type` enum('text','number','email','url','textarea','select','radio','checkbox') COLLATE utf8_unicode_ci NOT NULL,
  `field_values` text COLLATE utf8_unicode_ci,
  `field_required` int(11) NOT NULL DEFAULT '0',
  `created_at` timestamp NOT NULL DEFAULT CURRENT_TIMESTAMP,
  `updated_at` timestamp NOT NULL DEFAULT '0000-00-00 00:00:00'
) ENGINE=InnoDB DEFAULT CHARSET=utf8 COLLATE=utf8_unicode_ci;

-- --------------------------------------------------------

--
-- Table structure for table `custom_field_values`
--

CREATE TABLE `custom_field_values` (
  `id` int(11) NOT NULL,
  `unique_id` int(11) DEFAULT NULL,
  `field_id` int(11) NOT NULL,
  `value` text COLLATE utf8_unicode_ci,
  `created_at` timestamp NOT NULL DEFAULT CURRENT_TIMESTAMP,
  `updated_at` timestamp NOT NULL DEFAULT '0000-00-00 00:00:00'
) ENGINE=InnoDB DEFAULT CHARSET=utf8 COLLATE=utf8_unicode_ci;

-- --------------------------------------------------------

--
-- Table structure for table `departments`
--

CREATE TABLE `departments` (
  `id` int(11) NOT NULL,
  `department_name` varchar(100) COLLATE utf8_unicode_ci NOT NULL,
  `created_at` timestamp NOT NULL DEFAULT CURRENT_TIMESTAMP,
  `updated_at` timestamp NULL DEFAULT NULL
) ENGINE=InnoDB DEFAULT CHARSET=utf8 COLLATE=utf8_unicode_ci;

--
-- Dumping data for table `departments`
--

INSERT INTO `departments` (`id`, `department_name`, `created_at`, `updated_at`) VALUES
(1, 'Support', '2016-08-30 11:24:19', NULL);

-- --------------------------------------------------------

--
-- Table structure for table `forum_categories`
--

CREATE TABLE `forum_categories` (
  `id` int(11) NOT NULL,
  `forum_category_slug` varchar(100) COLLATE utf8_unicode_ci NOT NULL,
  `forum_category_name` varchar(100) COLLATE utf8_unicode_ci NOT NULL,
  `forum_category_description` text COLLATE utf8_unicode_ci,
  `created_at` timestamp NULL DEFAULT CURRENT_TIMESTAMP,
  `updated_at` timestamp NULL DEFAULT NULL,
  `forum_parent_category` int(11) NOT NULL,
  `forum_category_status` tinyint(1) NOT NULL
) ENGINE=InnoDB DEFAULT CHARSET=utf8 COLLATE=utf8_unicode_ci;

--
-- Dumping data for table `forum_categories`
--

INSERT INTO `forum_categories` (`id`, `forum_category_slug`, `forum_category_name`, `forum_category_description`, `created_at`, `updated_at`, `forum_parent_category`, `forum_category_status`) VALUES
(1, 'talk-talk', 'Talk-Talk', NULL, '2015-11-17 00:26:09', '2016-08-30 17:59:39', 0, 1),
(2, 'business-forum', 'Business Forum', NULL, '2015-11-17 00:26:19', '2016-08-30 17:59:56', 0, 1),
(3, 'commercial-hub', 'Commercial Hub', NULL, '2015-11-17 00:26:39', '2016-08-30 18:00:17', 0, 1),
(4, 'introduce-yourself', 'Introduce Yourself', 'Don\'t be shy. Say hello and tell us a little about yourself.', '2016-08-31 22:22:07', '2016-08-31 22:23:41', 1, 1),
(5, 'the-water-cooler', 'The Water Cooler', 'We all need a break from business at times. Post your chit chat here.', '2016-08-31 22:24:24', '2016-08-31 22:24:24', 1, 1),
(6, 'forum-news-announcements', 'Forum News & Announcements', 'When we have information for you this is where it will be', '2016-08-31 22:27:57', '2016-08-31 22:27:57', 1, 1),
(7, 'feedback-suggestions', 'Feedback & Suggestions', 'Tell us how we\'re doing and suggest how we can do things better', '2016-08-31 22:28:24', '2016-08-31 22:28:24', 1, 1),
(8, 'starting-your-business', 'Starting Your Business', 'Just getting started with an idea for a business? Post your questions here', '2016-08-31 22:29:18', '2016-08-31 22:29:18', 2, 1),
(9, 'managing-your-business', 'Managing your Business', 'Now that your business is up and running how do you manage its daily operation', '2016-08-31 22:29:35', '2016-08-31 22:29:35', 2, 1),
(10, 'financing-your-small-business', 'Financing Your Small Business', 'Ideas for financing your start up or expanding your existing business', '2016-08-31 22:29:58', '2016-08-31 22:29:58', 3, 1),
(11, 'accounting-taxes', 'Accounting & Taxes', 'Learn how to keep track of your money and what you need to do to please the taxman', '2016-08-31 22:30:16', '2016-08-31 22:30:16', 3, 1),
(12, 'legal-hr', 'Legal & HR', 'Discuss issues relating to human resources and the law', '2016-08-31 22:30:42', '2016-08-31 22:30:42', 1, 1),
(13, 'home-based-business', 'Home Based Business', 'Discussion of issues peculiar to running a business from home', '2016-08-31 22:31:35', '2016-08-31 22:31:35', 2, 1),
(14, 'import-export', 'Import/Export', 'Forum for the discussion of import and export issues', '2016-08-31 22:31:56', '2016-08-31 22:31:56', 2, 1),
(15, 'specific-industries-business-ideas', 'Specific Industries + Business Ideas', 'Forum for the discussion of issues relevant to specific sectors or industries. Also suitable to float ideas for new businesses.', '2016-08-31 22:32:14', '2016-08-31 22:32:14', 3, 1),
(16, 'job-posting-in-here', 'Job Posting In Here', 'Need Some Work Done Online? Post Your Job in Here and Receive Lots of Interested Applicants!', '2016-08-31 22:32:39', '2016-08-31 22:32:39', 2, 1),
(17, 'business-consulting-services', 'Business Consulting Services', 'Offer Your Business Consulting Services to Our Community of Small Business Owners and Aspiring Entrepreneurs', '2016-08-31 22:32:59', '2016-08-31 22:32:59', 2, 1),
(18, 'small-business-loans', 'Small Business Loans', 'Can You Provide Secured or Unsecured Loans for Small to Medium Sized Businesses? Do You Offer Merchant Cash Advance Services? Tell us More!', '2016-08-31 22:33:23', '2016-08-31 22:33:23', 3, 1);

-- --------------------------------------------------------

--
-- Table structure for table `forum_threads`
--

CREATE TABLE `forum_threads` (
  `id` int(11) NOT NULL,
  `user_id` int(10) UNSIGNED DEFAULT NULL,
  `forum_thread_slug` varchar(256) COLLATE utf8_unicode_ci DEFAULT NULL,
  `forum_category_id` int(11) NOT NULL,
  `forum_thread_title` varchar(1000) COLLATE utf8_unicode_ci NOT NULL,
  `forum_thread_description` text COLLATE utf8_unicode_ci,
  `notification` int(11) NOT NULL DEFAULT '0',
  `scope` enum('all','sign_in_only','staff_and_me') COLLATE utf8_unicode_ci NOT NULL DEFAULT 'all',
  `counter` int(11) NOT NULL,
  `created_at` timestamp NULL DEFAULT CURRENT_TIMESTAMP,
  `updated_at` timestamp NULL DEFAULT NULL
) ENGINE=InnoDB DEFAULT CHARSET=utf8 COLLATE=utf8_unicode_ci;

-- --------------------------------------------------------

--
-- Table structure for table `forum_thread_replies`
--

CREATE TABLE `forum_thread_replies` (
  `id` int(11) NOT NULL,
  `forum_thread_id` int(11) NOT NULL,
  `user_id` int(10) UNSIGNED NOT NULL,
  `comment` text COLLATE utf8_unicode_ci NOT NULL,
  `created_at` timestamp NOT NULL DEFAULT CURRENT_TIMESTAMP,
  `updated_at` timestamp NULL DEFAULT NULL
) ENGINE=InnoDB DEFAULT CHARSET=utf8 COLLATE=utf8_unicode_ci;

-- --------------------------------------------------------

--
-- Table structure for table `holidays`
--

CREATE TABLE `holidays` (
  `id` int(11) NOT NULL,
  `date` date NOT NULL,
  `holiday_description` text COLLATE utf8_unicode_ci NOT NULL,
  `created_at` timestamp NOT NULL DEFAULT CURRENT_TIMESTAMP ON UPDATE CURRENT_TIMESTAMP,
  `updated_at` timestamp NOT NULL DEFAULT '0000-00-00 00:00:00'
) ENGINE=InnoDB DEFAULT CHARSET=utf8 COLLATE=utf8_unicode_ci;

-- --------------------------------------------------------

--
-- Table structure for table `ims_license_subscribers`
--

CREATE TABLE `ims_license_subscribers` (
  `id` int(10) UNSIGNED NOT NULL,
  `license_id` int(10) UNSIGNED NOT NULL,
  `user_id` int(10) UNSIGNED NOT NULL,
  `count` int(10) UNSIGNED NOT NULL,
  `expiry_date` date NOT NULL,
  `created_at` timestamp NULL DEFAULT NULL,
  `updated_at` timestamp NULL DEFAULT NULL
) ENGINE=InnoDB DEFAULT CHARSET=utf8 COLLATE=utf8_unicode_ci;

-- --------------------------------------------------------

--
-- Table structure for table `industries`
--

CREATE TABLE `industries` (
  `id` int(10) UNSIGNED NOT NULL,
  `name` varchar(255) COLLATE utf8_unicode_ci NOT NULL,
  `created_at` timestamp NOT NULL DEFAULT '0000-00-00 00:00:00',
  `updated_at` timestamp NOT NULL DEFAULT '0000-00-00 00:00:00'
) ENGINE=InnoDB DEFAULT CHARSET=utf8 COLLATE=utf8_unicode_ci;

--
-- Dumping data for table `industries`
--

INSERT INTO `industries` (`id`, `name`, `created_at`, `updated_at`) VALUES
(1, 'Accounting', '0000-00-00 00:00:00', '0000-00-00 00:00:00'),
(2, 'Advertising ', '0000-00-00 00:00:00', '0000-00-00 00:00:00'),
(3, 'Aerospace', '0000-00-00 00:00:00', '0000-00-00 00:00:00'),
(4, 'Agriculture ', '0000-00-00 00:00:00', '0000-00-00 00:00:00'),
(5, 'Aircraft', '0000-00-00 00:00:00', '0000-00-00 00:00:00'),
(6, 'Airline', '0000-00-00 00:00:00', '0000-00-00 00:00:00'),
(7, 'Apparel & Accessories', '0000-00-00 00:00:00', '0000-00-00 00:00:00'),
(8, 'Automotive', '0000-00-00 00:00:00', '0000-00-00 00:00:00'),
(9, 'Banking', '0000-00-00 00:00:00', '0000-00-00 00:00:00'),
(10, 'Biotechnology', '0000-00-00 00:00:00', '0000-00-00 00:00:00'),
(11, 'Broadcasting', '0000-00-00 00:00:00', '0000-00-00 00:00:00'),
(12, 'Brokerage', '0000-00-00 00:00:00', '0000-00-00 00:00:00'),
(13, 'Call Centers', '0000-00-00 00:00:00', '0000-00-00 00:00:00'),
(14, 'Cargo Handling', '0000-00-00 00:00:00', '0000-00-00 00:00:00'),
(15, 'Chemical', '0000-00-00 00:00:00', '0000-00-00 00:00:00'),
(16, 'Computer ', '0000-00-00 00:00:00', '0000-00-00 00:00:00'),
(17, 'Consulting', '0000-00-00 00:00:00', '0000-00-00 00:00:00'),
(18, 'Consumer Products', '0000-00-00 00:00:00', '0000-00-00 00:00:00'),
(19, 'Cosmetics ', '0000-00-00 00:00:00', '0000-00-00 00:00:00'),
(20, 'Defense', '0000-00-00 00:00:00', '0000-00-00 00:00:00'),
(21, 'Department Stores', '0000-00-00 00:00:00', '0000-00-00 00:00:00'),
(22, 'Education ', '0000-00-00 00:00:00', '0000-00-00 00:00:00'),
(23, 'Electronics', '0000-00-00 00:00:00', '0000-00-00 00:00:00'),
(24, 'Energy', '0000-00-00 00:00:00', '0000-00-00 00:00:00'),
(25, 'Entertainment & Leisure', '0000-00-00 00:00:00', '0000-00-00 00:00:00'),
(26, 'Executive Search', '0000-00-00 00:00:00', '0000-00-00 00:00:00'),
(27, 'Financial Services', '0000-00-00 00:00:00', '0000-00-00 00:00:00'),
(28, 'Food, Beverage & Tobacco', '0000-00-00 00:00:00', '0000-00-00 00:00:00'),
(29, 'Grocery', '0000-00-00 00:00:00', '0000-00-00 00:00:00'),
(30, 'Health Care', '0000-00-00 00:00:00', '0000-00-00 00:00:00'),
(31, 'Internet Publishing ', '0000-00-00 00:00:00', '0000-00-00 00:00:00'),
(32, 'Investment Banking', '0000-00-00 00:00:00', '0000-00-00 00:00:00'),
(33, 'Legal', '0000-00-00 00:00:00', '0000-00-00 00:00:00'),
(34, 'Manufacturing', '0000-00-00 00:00:00', '0000-00-00 00:00:00'),
(35, 'Motion Picture & Video', '0000-00-00 00:00:00', '0000-00-00 00:00:00'),
(36, 'Music', '0000-00-00 00:00:00', '0000-00-00 00:00:00'),
(37, 'Newspaper Publishers', '0000-00-00 00:00:00', '0000-00-00 00:00:00'),
(38, 'Online Auctions', '0000-00-00 00:00:00', '0000-00-00 00:00:00'),
(39, 'Pension Funds', '0000-00-00 00:00:00', '0000-00-00 00:00:00'),
(40, 'Pharmaceuticals', '0000-00-00 00:00:00', '0000-00-00 00:00:00'),
(41, 'Private Equity', '0000-00-00 00:00:00', '0000-00-00 00:00:00'),
(42, 'Publishing', '0000-00-00 00:00:00', '0000-00-00 00:00:00'),
(43, 'Real Estate', '0000-00-00 00:00:00', '0000-00-00 00:00:00'),
(44, 'Retail & Wholesale', '0000-00-00 00:00:00', '0000-00-00 00:00:00'),
(45, 'Securities & Commodity Exchanges', '0000-00-00 00:00:00', '0000-00-00 00:00:00'),
(46, 'Service', '0000-00-00 00:00:00', '0000-00-00 00:00:00'),
(47, 'Soap & Detergent', '0000-00-00 00:00:00', '0000-00-00 00:00:00'),
(48, 'Software', '0000-00-00 00:00:00', '0000-00-00 00:00:00'),
(49, 'Sports', '0000-00-00 00:00:00', '0000-00-00 00:00:00'),
(50, 'Technology', '0000-00-00 00:00:00', '0000-00-00 00:00:00'),
(51, 'Telecommunications', '0000-00-00 00:00:00', '0000-00-00 00:00:00'),
(52, 'Television', '0000-00-00 00:00:00', '0000-00-00 00:00:00'),
(53, 'Transportation ', '0000-00-00 00:00:00', '0000-00-00 00:00:00'),
(54, 'Trucking', '0000-00-00 00:00:00', '0000-00-00 00:00:00'),
(55, 'Venture Capital', '0000-00-00 00:00:00', '0000-00-00 00:00:00');

-- --------------------------------------------------------

--
-- Table structure for table `kb_articles`
--

CREATE TABLE `kb_articles` (
  `id` int(11) NOT NULL,
  `kb_article_slug` varchar(256) COLLATE utf8_unicode_ci DEFAULT NULL,
  `kb_category_id` int(11) NOT NULL,
  `kb_article_title` varchar(1000) COLLATE utf8_unicode_ci NOT NULL,
  `kb_article_description` text COLLATE utf8_unicode_ci,
  `published` int(11) NOT NULL DEFAULT '0',
  `counter` int(11) NOT NULL,
  `created_at` timestamp NULL DEFAULT CURRENT_TIMESTAMP,
  `updated_at` timestamp NULL DEFAULT NULL
) ENGINE=InnoDB DEFAULT CHARSET=utf8 COLLATE=utf8_unicode_ci;

-- --------------------------------------------------------

--
-- Table structure for table `kb_categories`
--

CREATE TABLE `kb_categories` (
  `id` int(11) NOT NULL,
  `kb_category_slug` varchar(200) COLLATE utf8_unicode_ci DEFAULT NULL,
  `kb_category_name` varchar(200) COLLATE utf8_unicode_ci NOT NULL,
  `created_at` timestamp NOT NULL DEFAULT CURRENT_TIMESTAMP,
  `updated_at` timestamp NULL DEFAULT NULL
) ENGINE=InnoDB DEFAULT CHARSET=utf8 COLLATE=utf8_unicode_ci;

--
-- Dumping data for table `kb_categories`
--

INSERT INTO `kb_categories` (`id`, `kb_category_slug`, `kb_category_name`, `created_at`, `updated_at`) VALUES
(1, 'installation', 'Installation', '2015-11-15 19:13:41', '2015-11-15 19:13:41'),
(2, 'configuration', 'Configuration', '2015-11-15 19:13:53', '2015-11-15 19:13:53'),
(3, 'upgradation', 'Upgradation', '2015-11-15 19:13:59', '2015-11-15 19:13:59'),
(4, 'faq', 'FAQ', '2015-11-15 19:14:10', '2015-11-15 19:14:10');

-- --------------------------------------------------------

--
-- Table structure for table `message`
--

CREATE TABLE `message` (
  `id` int(10) UNSIGNED NOT NULL,
  `subject` varchar(255) COLLATE utf8_unicode_ci NOT NULL,
  `message` varchar(255) COLLATE utf8_unicode_ci NOT NULL,
  `status` int(11) NOT NULL COMMENT '0=unseen, 1=seen',
  `deleted_at` timestamp NULL DEFAULT NULL,
  `created_at` timestamp NULL DEFAULT NULL,
  `updated_at` timestamp NULL DEFAULT NULL
) ENGINE=MyISAM DEFAULT CHARSET=utf8 COLLATE=utf8_unicode_ci;

-- --------------------------------------------------------

--
-- Table structure for table `messages`
--

CREATE TABLE `messages` (
  `id` int(11) NOT NULL,
  `from_user_id` int(10) UNSIGNED NOT NULL,
  `to_user_id` int(10) UNSIGNED NOT NULL,
  `subject` varchar(1000) COLLATE utf8_unicode_ci NOT NULL,
  `content` text COLLATE utf8_unicode_ci NOT NULL,
  `read` int(11) NOT NULL,
  `delete_sender` int(11) NOT NULL DEFAULT '0',
  `delete_receiver` int(11) NOT NULL DEFAULT '0',
  `attachment` varchar(100) COLLATE utf8_unicode_ci DEFAULT NULL,
  `created_at` timestamp NOT NULL DEFAULT CURRENT_TIMESTAMP,
  `updated_at` timestamp NOT NULL DEFAULT '0000-00-00 00:00:00'
) ENGINE=InnoDB DEFAULT CHARSET=utf8 COLLATE=utf8_unicode_ci;

-- --------------------------------------------------------

--
-- Table structure for table `message_ids`
--

CREATE TABLE `message_ids` (
  `id` int(10) UNSIGNED NOT NULL,
  `message_id` varchar(255) COLLATE utf8_unicode_ci NOT NULL,
  `sender_id` int(10) UNSIGNED NOT NULL,
  `recipient_id` int(10) UNSIGNED NOT NULL,
  `deleted_at` timestamp NULL DEFAULT NULL,
  `created_at` timestamp NULL DEFAULT NULL,
  `updated_at` timestamp NULL DEFAULT NULL
) ENGINE=MyISAM DEFAULT CHARSET=utf8 COLLATE=utf8_unicode_ci;

-- --------------------------------------------------------

--
-- Table structure for table `migrations`
--

CREATE TABLE `migrations` (
  `id` int(10) UNSIGNED NOT NULL,
  `migration` varchar(255) COLLATE utf8_unicode_ci NOT NULL,
  `batch` int(11) NOT NULL
) ENGINE=MyISAM DEFAULT CHARSET=utf8 COLLATE=utf8_unicode_ci;

--
-- Dumping data for table `migrations`
--

INSERT INTO `migrations` (`id`, `migration`, `batch`) VALUES
(2, '2017_06_07_080442_create_categories_table', 1),
(5, '2015_08_04_131614_create_settings_table', 2),
(19, '2017_06_13_090708_create_profiles_table', 3),
(16, '2016_05_25_121918_create_pages_table', 3),
(17, '2017_06_07_131737_create_table_products', 3),
(18, '2017_06_08_110502_create_services_table', 3),
(20, '2017_06_13_145131_create_categories_table', 3),
(21, '2017_06_14_120914_create_verifications_table', 3),
(22, '2017_06_14_121113_create_user_verifications_table', 3),
(23, '2017_06_14_155720_create_service_comments_table', 3),
(24, '2017_06_16_091140_create_product_comments_table', 3),
(25, '2016_10_12_084337_create_general_settings_table', 4),
(26, '2016_10_21_140326_create_department_table', 4),
(27, '2016_10_26_150516_create_employee_table', 4),
(28, '2016_11_15_123445_create_payroll_management_table', 4),
(29, '2016_11_20_183857_create_notices_table', 4),
(30, '2016_11_20_222921_create_messages_table', 4);

-- --------------------------------------------------------

--
-- Table structure for table `notes`
--

CREATE TABLE `notes` (
  `id` int(11) NOT NULL,
  `user_id` int(10) UNSIGNED NOT NULL,
  `belongs_to` varchar(100) COLLATE utf8_unicode_ci NOT NULL,
  `unique_id` int(11) NOT NULL,
  `note` text COLLATE utf8_unicode_ci NOT NULL,
  `created_at` timestamp NOT NULL DEFAULT CURRENT_TIMESTAMP,
  `updated_at` timestamp NULL DEFAULT NULL
) ENGINE=InnoDB DEFAULT CHARSET=utf8 COLLATE=utf8_unicode_ci;

-- --------------------------------------------------------

--
-- Table structure for table `page`
--

CREATE TABLE `page` (
  `id` int(11) NOT NULL,
  `published` int(11) NOT NULL DEFAULT '0',
  `sign_in_only` int(11) NOT NULL DEFAULT '0',
  `page_title` varchar(250) COLLATE utf8_unicode_ci NOT NULL,
  `page_slug` varchar(250) COLLATE utf8_unicode_ci NOT NULL,
  `page_description` text COLLATE utf8_unicode_ci,
  `user_id` int(10) UNSIGNED NOT NULL,
  `created_at` timestamp NOT NULL DEFAULT CURRENT_TIMESTAMP,
  `updated_at` timestamp NULL DEFAULT NULL
) ENGINE=InnoDB DEFAULT CHARSET=utf8 COLLATE=utf8_unicode_ci;

-- --------------------------------------------------------

--
-- Table structure for table `pages`
--

CREATE TABLE `pages` (
  `id` int(10) UNSIGNED NOT NULL,
  `template` varchar(255) COLLATE utf8_unicode_ci NOT NULL,
  `name` varchar(255) COLLATE utf8_unicode_ci NOT NULL,
  `title` varchar(255) COLLATE utf8_unicode_ci NOT NULL,
  `slug` varchar(255) COLLATE utf8_unicode_ci NOT NULL,
  `content` text COLLATE utf8_unicode_ci,
  `extras` text COLLATE utf8_unicode_ci,
  `created_at` timestamp NULL DEFAULT NULL,
  `updated_at` timestamp NULL DEFAULT NULL,
  `deleted_at` timestamp NULL DEFAULT NULL
) ENGINE=MyISAM DEFAULT CHARSET=utf8 COLLATE=utf8_unicode_ci;

-- --------------------------------------------------------

--
-- Table structure for table `password_resets`
--

CREATE TABLE `password_resets` (
  `email` varchar(255) COLLATE utf8_unicode_ci NOT NULL,
  `token` varchar(255) COLLATE utf8_unicode_ci NOT NULL,
  `created_at` timestamp NOT NULL DEFAULT CURRENT_TIMESTAMP
) ENGINE=InnoDB DEFAULT CHARSET=utf8 COLLATE=utf8_unicode_ci;

--
-- Dumping data for table `password_resets`
--

INSERT INTO `password_resets` (`email`, `token`, `created_at`) VALUES
('Fobolarin@gmail.com', 'aaf825a9642bd4f75c663877e4dc7b7daa8551595e56d80850bc480060d1b826', '2017-01-30 16:24:38'),
('anthioch4@hotmail.com', '9870bca18f11c03e545b5a67e88d52b3929b1d1daa43244c36a7c57f706bdae5', '2017-03-12 15:51:01'),
('sherriff.agboola@ikooba.com', 'c52b4960f10e9490a01d9e54434c6e8c040e7f5e1dd45874ba07e172407ff066', '2017-03-12 16:18:39'),
('chisomchioma@yahoo.com', '18ae9532c12fe0ea0c2cd5b39b1770250ee4fdb3ed337656a3dca5f47fe8c85b', '2017-03-26 13:59:57');

-- --------------------------------------------------------

--
-- Table structure for table `payments`
--

CREATE TABLE `payments` (
  `id` int(11) NOT NULL,
  `user_id` int(11) NOT NULL,
  `license_id` int(11) NOT NULL,
  `amount` varchar(50) NOT NULL,
  `description` text,
  `reference_no` varchar(255) DEFAULT NULL,
  `created_at` timestamp NOT NULL DEFAULT CURRENT_TIMESTAMP ON UPDATE CURRENT_TIMESTAMP,
  `updated_at` timestamp NOT NULL DEFAULT '0000-00-00 00:00:00'
) ENGINE=MyISAM DEFAULT CHARSET=latin1;

--
-- Dumping data for table `payments`
--

INSERT INTO `payments` (`id`, `user_id`, `license_id`, `amount`, `description`, `reference_no`, `created_at`, `updated_at`) VALUES
(1, 127, 3, '3000', '', NULL, '2017-01-26 07:46:16', '2017-01-26 07:46:16'),
(2, 130, 3, '3000', '', '1485432221', '2017-01-26 11:04:36', '2017-01-26 11:04:36'),
(3, 127, 4, '5000', '', '1485451415', '2017-01-26 16:24:52', '2017-01-26 16:24:52'),
(4, 154, 4, '5000', '', '1488906302', '2017-03-07 16:05:24', '2017-03-07 16:05:24'),
(5, 147, 0, '18000', 'made payment for access', '1489874854321', '2017-03-18 21:12:18', '2017-03-18 21:12:18'),
(6, 198, 0, '18000', 'made payment for access', '1489875281014', '2017-03-18 21:18:55', '2017-03-18 21:18:55'),
(7, 147, 0, '18000', 'made payment for access', '1491840956000', '2017-04-10 15:21:26', '2017-04-10 15:21:26');

-- --------------------------------------------------------

--
-- Table structure for table `payroll_license_subscribers`
--

CREATE TABLE `payroll_license_subscribers` (
  `id` int(10) UNSIGNED NOT NULL,
  `license_id` int(10) UNSIGNED NOT NULL,
  `user_id` int(10) UNSIGNED NOT NULL,
  `count` int(10) UNSIGNED NOT NULL,
  `expiry_date` date NOT NULL,
  `created_at` timestamp NULL DEFAULT NULL,
  `updated_at` timestamp NULL DEFAULT NULL
) ENGINE=InnoDB DEFAULT CHARSET=utf8 COLLATE=utf8_unicode_ci;

--
-- Dumping data for table `payroll_license_subscribers`
--

INSERT INTO `payroll_license_subscribers` (`id`, `license_id`, `user_id`, `count`, `expiry_date`, `created_at`, `updated_at`) VALUES
(1, 18, 2, 9, '2017-10-30', '2017-08-28 11:09:02', '2017-09-25 14:09:52');

-- --------------------------------------------------------

--
-- Table structure for table `permissions`
--

CREATE TABLE `permissions` (
  `id` int(10) UNSIGNED NOT NULL,
  `category` varchar(100) COLLATE utf8_unicode_ci NOT NULL,
  `name` varchar(255) COLLATE utf8_unicode_ci NOT NULL,
  `display_name` varchar(255) COLLATE utf8_unicode_ci NOT NULL,
  `created_at` timestamp NOT NULL DEFAULT CURRENT_TIMESTAMP,
  `updated_at` timestamp NULL DEFAULT NULL
) ENGINE=InnoDB DEFAULT CHARSET=utf8 COLLATE=utf8_unicode_ci;

--
-- Dumping data for table `permissions`
--

INSERT INTO `permissions` (`id`, `category`, `name`, `display_name`, `created_at`, `updated_at`) VALUES
(1, 'language', 'set_language', 'Set Language', '2015-11-01 16:07:33', NULL),
(2, 'language', 'manage_language', 'Manage Language', '2015-11-01 16:07:33', NULL),
(3, 'custom_field', 'manage_custom_field', 'Manage Custom Field', '2015-11-02 03:54:27', NULL),
(4, 'email_template', 'manage_template', 'Manage Template', '2015-11-02 03:59:00', NULL),
(5, 'sms_template', 'manage_sms_template', 'Manage SMS Template', '2015-11-02 03:59:17', NULL),
(6, 'knowledgebase', 'manage_kb_article', 'Manage Knowledgebase Article', '2015-11-06 16:48:53', NULL),
(7, 'knowledgebase', 'create_kb_article', 'Create Knowledgebase Article', '2015-11-06 16:48:53', NULL),
(8, 'knowledgebase', 'edit_kb_article', 'Edit Knowledgebase Article', '2015-11-06 17:13:46', NULL),
(9, 'knowledgebase', 'delete_kb_article', 'Article Knowledgebase Article', '2015-11-06 17:13:46', NULL),
(10, 'user', 'create_user', 'Create User', '2015-11-09 11:57:34', NULL),
(11, 'user', 'manage_user', 'Manage User', '2015-11-09 12:29:12', NULL),
(12, 'user', 'edit_user', 'Edit User', '2015-11-09 12:42:41', NULL),
(13, 'user', 'view_user', 'View User', '2015-11-09 12:43:02', NULL),
(14, 'user', 'delete_user', 'Delete User', '2015-11-09 12:43:24', NULL),
(15, 'holiday', 'manage_holiday', 'Manage Holiday', '2015-11-12 07:41:03', NULL),
(16, 'holiday', 'create_holiday', 'Create Holiday', '2015-11-12 07:42:39', NULL),
(17, 'holiday', 'edit_holiday', 'Edit Holiday', '2015-11-12 07:42:39', NULL),
(18, 'holiday', 'delete_holiday', 'Delete Holiday', '2015-11-12 07:42:48', NULL),
(19, 'annoucement', 'manage_annoucement', 'Manage Annoucement', '2015-11-13 16:27:16', NULL),
(20, 'annoucement', 'create_annoucement', 'Create Annoucement', '2015-11-13 16:27:16', NULL),
(21, 'annoucement', 'edit_annoucement', 'Edit Annoucement', '2015-11-13 16:27:41', NULL),
(22, 'annoucement', 'delete_annoucement', 'Delete Annoucement', '2015-11-13 16:27:41', NULL),
(23, 'page', 'manage_page', 'Manage Page', '2015-11-14 04:20:43', NULL),
(24, 'page', 'create_page', 'Create Page', '2015-11-14 04:20:43', NULL),
(25, 'page', 'edit_page', 'Edit Page', '2015-11-14 04:20:58', NULL),
(26, 'page', 'delete_page', 'Delete Page', '2015-11-14 04:20:58', NULL),
(27, 'ticket', 'manage_ticket', 'Manage Ticket', '2015-11-14 12:51:17', NULL),
(28, 'ticket', 'create_ticket', 'Create Ticket', '2015-11-14 12:51:17', NULL),
(29, 'ticket', 'edit_ticket', 'Edit Ticket', '2015-11-14 12:51:38', NULL),
(30, 'ticket', 'delete_ticket', 'Delete Ticket', '2015-11-14 12:51:38', NULL),
(31, 'message', 'manage_message', 'Manage Message', '2015-11-14 13:17:00', NULL),
(32, 'user', 'reset_user_password', 'Reset User Password', '2015-11-15 17:45:41', NULL),
(33, 'user', 'send_user_sms', 'Send User SMS', '2015-11-15 17:46:52', NULL),
(34, 'ticket', 'view_ticket', 'View Ticket', '2015-11-15 18:20:07', NULL),
(35, 'forum', 'delete_forum_thread', 'Delete Forum Thread', '2015-11-16 17:00:14', NULL),
(36, 'page', 'manage_default_pages', 'Manage Default Pages', '2015-11-18 03:18:37', NULL);

-- --------------------------------------------------------

--
-- Table structure for table `permission_role`
--

CREATE TABLE `permission_role` (
  `id` int(10) UNSIGNED NOT NULL,
  `permission_id` int(10) UNSIGNED NOT NULL,
  `role_id` int(10) UNSIGNED NOT NULL
) ENGINE=InnoDB DEFAULT CHARSET=utf8 COLLATE=utf8_unicode_ci;

--
-- Dumping data for table `permission_role`
--

INSERT INTO `permission_role` (`id`, `permission_id`, `role_id`) VALUES
(1, 19, 1),
(2, 20, 1),
(3, 21, 1),
(4, 22, 1),
(5, 3, 1),
(6, 4, 1),
(7, 35, 1),
(8, 15, 1),
(9, 16, 1),
(10, 17, 1),
(11, 18, 1),
(12, 6, 1),
(13, 7, 1),
(14, 8, 1),
(15, 9, 1),
(16, 1, 1),
(17, 2, 1),
(18, 31, 1),
(19, 23, 1),
(20, 24, 1),
(21, 25, 1),
(22, 26, 1),
(23, 36, 1),
(24, 5, 1),
(25, 27, 1),
(26, 28, 1),
(27, 29, 1),
(28, 30, 1),
(29, 34, 1),
(30, 10, 1),
(31, 11, 1),
(32, 12, 1),
(33, 13, 1),
(34, 14, 1),
(35, 32, 1),
(36, 33, 1);

-- --------------------------------------------------------

--
-- Table structure for table `personal_info`
--

CREATE TABLE `personal_info` (
  `id` int(10) UNSIGNED NOT NULL,
  `user_id` int(10) UNSIGNED NOT NULL,
  `title` enum('Mr','Mrs','Miss') COLLATE utf8_unicode_ci NOT NULL,
  `first_name` varchar(255) COLLATE utf8_unicode_ci NOT NULL,
  `middle_name` varchar(255) COLLATE utf8_unicode_ci NOT NULL,
  `last_name` varchar(255) COLLATE utf8_unicode_ci NOT NULL,
  `gender` enum('Male','Female') COLLATE utf8_unicode_ci NOT NULL,
  `marital_status` enum('Married','Unmarried') COLLATE utf8_unicode_ci NOT NULL,
  `date_of_birth` date NOT NULL,
  `city` varchar(255) COLLATE utf8_unicode_ci NOT NULL,
  `state` int(10) UNSIGNED NOT NULL,
  `country` int(10) UNSIGNED NOT NULL,
  `phone_no` varchar(255) COLLATE utf8_unicode_ci NOT NULL,
  `bio` text COLLATE utf8_unicode_ci NOT NULL,
  `interests` varchar(255) COLLATE utf8_unicode_ci NOT NULL,
  `languages` varchar(255) COLLATE utf8_unicode_ci NOT NULL,
  `visibility` enum('Only Me','My Connections','Public') COLLATE utf8_unicode_ci NOT NULL,
  `flag` enum('Active','Inactive') COLLATE utf8_unicode_ci NOT NULL,
  `created_at` timestamp NULL DEFAULT NULL,
  `updated_at` timestamp NULL DEFAULT NULL
) ENGINE=MyISAM DEFAULT CHARSET=utf8 COLLATE=utf8_unicode_ci;

--
-- Dumping data for table `personal_info`
--

INSERT INTO `personal_info` (`id`, `user_id`, `title`, `first_name`, `middle_name`, `last_name`, `gender`, `marital_status`, `date_of_birth`, `city`, `state`, `country`, `phone_no`, `bio`, `interests`, `languages`, `visibility`, `flag`, `created_at`, `updated_at`) VALUES
(1, 2, 'Mr', 'Jannl', '', 'Jannel', 'Male', 'Married', '0000-00-00', '', 0, 0, '0908089', '', '', '', 'Only Me', 'Active', '2017-08-10 09:51:57', '2017-08-10 09:51:57'),
(2, 3, 'Mr', 'John', '', 'Snow', 'Male', 'Married', '0000-00-00', '', 0, 0, '0808908', '', '', '', 'Only Me', 'Active', '2017-10-17 12:23:16', '2017-10-17 12:23:16');

-- --------------------------------------------------------

--
-- Table structure for table `profile`
--

CREATE TABLE `profile` (
  `id` int(11) NOT NULL,
  `department_id` int(11) DEFAULT NULL,
  `user_id` int(10) UNSIGNED NOT NULL,
  `photo` varchar(100) COLLATE utf8_unicode_ci DEFAULT NULL,
  `first_name` varchar(250) COLLATE utf8_unicode_ci NOT NULL,
  `last_name` varchar(250) COLLATE utf8_unicode_ci NOT NULL,
  `contact_number` varchar(50) COLLATE utf8_unicode_ci DEFAULT NULL,
  `alternate_contact_number` varchar(50) COLLATE utf8_unicode_ci DEFAULT NULL,
  `alternate_email` varchar(50) COLLATE utf8_unicode_ci DEFAULT NULL,
  `address` text COLLATE utf8_unicode_ci,
  `timezone_id` int(11) DEFAULT NULL,
  `created_at` timestamp NOT NULL DEFAULT CURRENT_TIMESTAMP,
  `updated_at` timestamp NOT NULL DEFAULT '0000-00-00 00:00:00'
) ENGINE=InnoDB DEFAULT CHARSET=utf8 COLLATE=utf8_unicode_ci;

-- --------------------------------------------------------

--
-- Table structure for table `roles`
--

CREATE TABLE `roles` (
  `id` int(10) UNSIGNED NOT NULL,
  `name` varchar(255) COLLATE utf8_unicode_ci NOT NULL,
  `display_name` varchar(100) COLLATE utf8_unicode_ci NOT NULL,
  `category` varchar(100) COLLATE utf8_unicode_ci DEFAULT NULL,
  `created_at` timestamp NOT NULL DEFAULT CURRENT_TIMESTAMP,
  `updated_at` timestamp NOT NULL DEFAULT '0000-00-00 00:00:00'
) ENGINE=InnoDB DEFAULT CHARSET=utf8 COLLATE=utf8_unicode_ci;

--
-- Dumping data for table `roles`
--

INSERT INTO `roles` (`id`, `name`, `display_name`, `category`, `created_at`, `updated_at`) VALUES
(1, 'admin', 'Admin', 'admin', '2016-08-30 10:24:19', '0000-00-00 00:00:00'),
(4, 'business-owner', 'Business Owner', 'business-owner', '2016-08-30 16:11:40', '2016-08-30 16:11:40'),
(5, 'employee', 'Employee', 'employee', '2016-08-30 16:12:57', '2016-08-30 16:12:57'),
(6, 'professional', 'Professional', 'professional', '2016-08-30 16:13:14', '2016-08-30 16:13:14'),
(7, 'finance-provider', 'Finance Provider', 'finance-provider', '2016-08-30 16:13:47', '2016-08-30 16:13:47'),
(8, 'trade-promoter', 'Trade Promoter', 'trade-promoter', '2016-08-30 16:14:06', '2016-08-30 16:14:06'),
(9, 'employee-payroll', 'Employee Payroll', 'employee-payroll', '2017-03-20 22:09:39', '0000-00-00 00:00:00'),
(10, 'basic-business-owner', 'Business Owner (Basic)', 'business-owner', '2017-04-12 10:28:58', '0000-00-00 00:00:00'),
(11, 'advanced-business-owner', 'Business Owner(Advanced)', 'business-owner', '2017-04-12 10:29:24', '0000-00-00 00:00:00'),
(12, 'agent-finance-provider', 'Finance Provider (Agent)', 'finance-provider', '2017-04-12 10:29:47', '0000-00-00 00:00:00'),
(13, 'town-hall', 'Town Hall', 'town-hall', '2017-09-12 10:26:30', '0000-00-00 00:00:00'),
(14, 'admin-payroll', 'Payroll Admin', 'admin-payroll', '2017-09-12 10:26:46', '0000-00-00 00:00:00');

-- --------------------------------------------------------

--
-- Table structure for table `role_user`
--

CREATE TABLE `role_user` (
  `id` int(10) UNSIGNED NOT NULL,
  `user_id` int(10) UNSIGNED NOT NULL,
  `role_id` int(10) UNSIGNED NOT NULL
) ENGINE=InnoDB DEFAULT CHARSET=utf8 COLLATE=utf8_unicode_ci;

--
-- Dumping data for table `role_user`
--

INSERT INTO `role_user` (`id`, `user_id`, `role_id`) VALUES
(1, 1, 1),
(2, 2, 4),
(3, 3, 4);

-- --------------------------------------------------------

--
-- Table structure for table `service_times`
--

CREATE TABLE `service_times` (
  `id` int(11) NOT NULL,
  `priority` enum('low','medium','high','critical') COLLATE utf8_unicode_ci NOT NULL,
  `response_time` int(11) NOT NULL,
  `response_unit` enum('minute','hour','days') COLLATE utf8_unicode_ci NOT NULL,
  `response_time_type` enum('business_hour','calendar_hour') COLLATE utf8_unicode_ci DEFAULT NULL,
  `resolution_time` int(11) NOT NULL,
  `resolution_unit` enum('minute','hour','days') COLLATE utf8_unicode_ci NOT NULL,
  `resolution_time_type` enum('business_hour','calendar_hour') COLLATE utf8_unicode_ci DEFAULT NULL,
  `created_at` timestamp NOT NULL DEFAULT CURRENT_TIMESTAMP,
  `updated_at` timestamp NULL DEFAULT NULL
) ENGINE=InnoDB DEFAULT CHARSET=utf8 COLLATE=utf8_unicode_ci;

--
-- Dumping data for table `service_times`
--

INSERT INTO `service_times` (`id`, `priority`, `response_time`, `response_unit`, `response_time_type`, `resolution_time`, `resolution_unit`, `resolution_time_type`, `created_at`, `updated_at`) VALUES
(1, 'low', 48, 'hour', 'calendar_hour', 5, 'days', 'calendar_hour', '2015-11-15 19:16:25', '2015-11-15 19:16:25'),
(2, 'medium', 24, 'hour', 'calendar_hour', 2, 'days', 'calendar_hour', '2015-11-15 19:16:42', '2015-11-15 19:16:42'),
(3, 'high', 12, 'hour', 'business_hour', 1, 'days', 'business_hour', '2015-11-15 19:17:05', '2015-11-15 19:17:05'),
(4, 'critical', 60, 'minute', 'business_hour', 180, 'minute', 'business_hour', '2015-11-15 19:17:27', '2015-11-15 19:17:27');

-- --------------------------------------------------------

--
-- Table structure for table `settings`
--

CREATE TABLE `settings` (
  `id` int(10) UNSIGNED NOT NULL,
  `key` varchar(255) COLLATE utf8_unicode_ci NOT NULL,
  `name` varchar(255) COLLATE utf8_unicode_ci NOT NULL,
  `description` varchar(255) COLLATE utf8_unicode_ci DEFAULT NULL,
  `value` varchar(255) COLLATE utf8_unicode_ci DEFAULT NULL,
  `field` text COLLATE utf8_unicode_ci NOT NULL,
  `active` tinyint(4) NOT NULL,
  `created_at` timestamp NULL DEFAULT NULL,
  `updated_at` timestamp NULL DEFAULT NULL
) ENGINE=MyISAM DEFAULT CHARSET=utf8 COLLATE=utf8_unicode_ci;

-- --------------------------------------------------------

--
-- Table structure for table `states`
--

CREATE TABLE `states` (
  `id` int(10) UNSIGNED NOT NULL,
  `country_id` int(10) UNSIGNED NOT NULL,
  `name` varchar(255) COLLATE utf8_unicode_ci NOT NULL
) ENGINE=InnoDB DEFAULT CHARSET=utf8 COLLATE=utf8_unicode_ci;

--
-- Dumping data for table `states`
--

INSERT INTO `states` (`id`, `country_id`, `name`) VALUES
(1, 101, 'Andaman and Nicobar Islands'),
(2, 101, 'Andhra Pradesh'),
(3, 101, 'Arunachal Pradesh'),
(4, 101, 'Assam'),
(5, 101, 'Bihar'),
(6, 101, 'Chandigarh'),
(7, 101, 'Chhattisgarh'),
(8, 101, 'Dadra and Nagar Haveli'),
(9, 101, 'Daman and Diu'),
(10, 101, 'Delhi'),
(11, 101, 'Goa'),
(12, 101, 'Gujarat'),
(13, 101, 'Haryana'),
(14, 101, 'Himachal Pradesh'),
(15, 101, 'Jammu and Kashmir'),
(16, 101, 'Jharkhand'),
(17, 101, 'Karnataka'),
(18, 101, 'Kenmore'),
(19, 101, 'Kerala'),
(20, 101, 'Lakshadweep'),
(21, 101, 'Madhya Pradesh'),
(22, 101, 'Maharashtra'),
(23, 101, 'Manipur'),
(24, 101, 'Meghalaya'),
(25, 101, 'Mizoram'),
(26, 101, 'Nagaland'),
(27, 101, 'Narora'),
(28, 101, 'Natwar'),
(29, 101, 'Odisha'),
(30, 101, 'Paschim Medinipur'),
(31, 101, 'Pondicherry'),
(32, 101, 'Punjab'),
(33, 101, 'Rajasthan'),
(34, 101, 'Sikkim'),
(35, 101, 'Tamil Nadu'),
(36, 101, 'Telangana'),
(37, 101, 'Tripura'),
(38, 101, 'Uttar Pradesh'),
(39, 101, 'Uttarakhand'),
(40, 101, 'Vaishali'),
(41, 101, 'West Bengal'),
(42, 1, 'Badakhshan'),
(43, 1, 'Badgis'),
(44, 1, 'Baglan'),
(45, 1, 'Balkh'),
(46, 1, 'Bamiyan'),
(47, 1, 'Farah'),
(48, 1, 'Faryab'),
(49, 1, 'Gawr'),
(50, 1, 'Gazni'),
(51, 1, 'Herat'),
(52, 1, 'Hilmand'),
(53, 1, 'Jawzjan'),
(54, 1, 'Kabul'),
(55, 1, 'Kapisa'),
(56, 1, 'Khawst'),
(57, 1, 'Kunar'),
(58, 1, 'Lagman'),
(59, 1, 'Lawghar'),
(60, 1, 'Nangarhar'),
(61, 1, 'Nimruz'),
(62, 1, 'Nuristan'),
(63, 1, 'Paktika'),
(64, 1, 'Paktiya'),
(65, 1, 'Parwan'),
(66, 1, 'Qandahar'),
(67, 1, 'Qunduz'),
(68, 1, 'Samangan'),
(69, 1, 'Sar-e Pul'),
(70, 1, 'Takhar'),
(71, 1, 'Uruzgan'),
(72, 1, 'Wardag'),
(73, 1, 'Zabul'),
(74, 2, 'Berat'),
(75, 2, 'Bulqize'),
(76, 2, 'Delvine'),
(77, 2, 'Devoll'),
(78, 2, 'Dibre'),
(79, 2, 'Durres'),
(80, 2, 'Elbasan'),
(81, 2, 'Fier'),
(82, 2, 'Gjirokaster'),
(83, 2, 'Gramsh'),
(84, 2, 'Has'),
(85, 2, 'Kavaje'),
(86, 2, 'Kolonje'),
(87, 2, 'Korce'),
(88, 2, 'Kruje'),
(89, 2, 'Kucove'),
(90, 2, 'Kukes'),
(91, 2, 'Kurbin'),
(92, 2, 'Lezhe'),
(93, 2, 'Librazhd'),
(94, 2, 'Lushnje'),
(95, 2, 'Mallakaster'),
(96, 2, 'Malsi e Madhe'),
(97, 2, 'Mat'),
(98, 2, 'Mirdite'),
(99, 2, 'Peqin'),
(100, 2, 'Permet'),
(101, 2, 'Pogradec'),
(102, 2, 'Puke'),
(103, 2, 'Sarande'),
(104, 2, 'Shkoder'),
(105, 2, 'Skrapar'),
(106, 2, 'Tepelene'),
(107, 2, 'Tirane'),
(108, 2, 'Tropoje'),
(109, 2, 'Vlore'),
(110, 3, '\'Ayn Daflah'),
(111, 3, '\'Ayn Tamushanat'),
(112, 3, 'Adrar'),
(113, 3, 'Algiers'),
(114, 3, 'Annabah'),
(115, 3, 'Bashshar'),
(116, 3, 'Batnah'),
(117, 3, 'Bijayah'),
(118, 3, 'Biskrah'),
(119, 3, 'Blidah'),
(120, 3, 'Buirah'),
(121, 3, 'Bumardas'),
(122, 3, 'Burj Bu Arririj'),
(123, 3, 'Ghalizan'),
(124, 3, 'Ghardayah'),
(125, 3, 'Ilizi'),
(126, 3, 'Jijili'),
(127, 3, 'Jilfah'),
(128, 3, 'Khanshalah'),
(129, 3, 'Masilah'),
(130, 3, 'Midyah'),
(131, 3, 'Milah'),
(132, 3, 'Muaskar'),
(133, 3, 'Mustaghanam'),
(134, 3, 'Naama'),
(135, 3, 'Oran'),
(136, 3, 'Ouargla'),
(137, 3, 'Qalmah'),
(138, 3, 'Qustantinah'),
(139, 3, 'Sakikdah'),
(140, 3, 'Satif'),
(141, 3, 'Sayda\''),
(142, 3, 'Sidi ban-al-\'Abbas'),
(143, 3, 'Suq Ahras'),
(144, 3, 'Tamanghasat'),
(145, 3, 'Tibazah'),
(146, 3, 'Tibissah'),
(147, 3, 'Tilimsan'),
(148, 3, 'Tinduf'),
(149, 3, 'Tisamsilt'),
(150, 3, 'Tiyarat'),
(151, 3, 'Tizi Wazu'),
(152, 3, 'Umm-al-Bawaghi'),
(153, 3, 'Wahran'),
(154, 3, 'Warqla'),
(155, 3, 'Wilaya d Alger'),
(156, 3, 'Wilaya de Bejaia'),
(157, 3, 'Wilaya de Constantine'),
(158, 3, 'al-Aghwat'),
(159, 3, 'al-Bayadh'),
(160, 3, 'al-Jaza\'ir'),
(161, 3, 'al-Wad'),
(162, 3, 'ash-Shalif'),
(163, 3, 'at-Tarif'),
(164, 4, 'Eastern'),
(165, 4, 'Manu\'a'),
(166, 4, 'Swains Island'),
(167, 4, 'Western'),
(168, 5, 'Andorra la Vella'),
(169, 5, 'Canillo'),
(170, 5, 'Encamp'),
(171, 5, 'La Massana'),
(172, 5, 'Les Escaldes'),
(173, 5, 'Ordino'),
(174, 5, 'Sant Julia de Loria'),
(175, 6, 'Bengo'),
(176, 6, 'Benguela'),
(177, 6, 'Bie'),
(178, 6, 'Cabinda'),
(179, 6, 'Cunene'),
(180, 6, 'Huambo'),
(181, 6, 'Huila'),
(182, 6, 'Kuando-Kubango'),
(183, 6, 'Kwanza Norte'),
(184, 6, 'Kwanza Sul'),
(185, 6, 'Luanda'),
(186, 6, 'Lunda Norte'),
(187, 6, 'Lunda Sul'),
(188, 6, 'Malanje'),
(189, 6, 'Moxico'),
(190, 6, 'Namibe'),
(191, 6, 'Uige'),
(192, 6, 'Zaire'),
(193, 7, 'Other Provinces'),
(194, 8, 'Sector claimed by Argentina/Ch'),
(195, 8, 'Sector claimed by Argentina/UK'),
(196, 8, 'Sector claimed by Australia'),
(197, 8, 'Sector claimed by France'),
(198, 8, 'Sector claimed by New Zealand'),
(199, 8, 'Sector claimed by Norway'),
(200, 8, 'Unclaimed Sector'),
(201, 9, 'Barbuda'),
(202, 9, 'Saint George'),
(203, 9, 'Saint John'),
(204, 9, 'Saint Mary'),
(205, 9, 'Saint Paul'),
(206, 9, 'Saint Peter'),
(207, 9, 'Saint Philip'),
(208, 10, 'Buenos Aires'),
(209, 10, 'Catamarca'),
(210, 10, 'Chaco'),
(211, 10, 'Chubut'),
(212, 10, 'Cordoba'),
(213, 10, 'Corrientes'),
(214, 10, 'Distrito Federal'),
(215, 10, 'Entre Rios'),
(216, 10, 'Formosa'),
(217, 10, 'Jujuy'),
(218, 10, 'La Pampa'),
(219, 10, 'La Rioja'),
(220, 10, 'Mendoza'),
(221, 10, 'Misiones'),
(222, 10, 'Neuquen'),
(223, 10, 'Rio Negro'),
(224, 10, 'Salta'),
(225, 10, 'San Juan'),
(226, 10, 'San Luis'),
(227, 10, 'Santa Cruz'),
(228, 10, 'Santa Fe'),
(229, 10, 'Santiago del Estero'),
(230, 10, 'Tierra del Fuego'),
(231, 10, 'Tucuman'),
(232, 11, 'Aragatsotn'),
(233, 11, 'Ararat'),
(234, 11, 'Armavir'),
(235, 11, 'Gegharkunik'),
(236, 11, 'Kotaik'),
(237, 11, 'Lori'),
(238, 11, 'Shirak'),
(239, 11, 'Stepanakert'),
(240, 11, 'Syunik'),
(241, 11, 'Tavush'),
(242, 11, 'Vayots Dzor'),
(243, 11, 'Yerevan'),
(244, 12, 'Aruba'),
(245, 13, 'Auckland'),
(246, 13, 'Australian Capital Territory'),
(247, 13, 'Balgowlah'),
(248, 13, 'Balmain'),
(249, 13, 'Bankstown'),
(250, 13, 'Baulkham Hills'),
(251, 13, 'Bonnet Bay'),
(252, 13, 'Camberwell'),
(253, 13, 'Carole Park'),
(254, 13, 'Castle Hill'),
(255, 13, 'Caulfield'),
(256, 13, 'Chatswood'),
(257, 13, 'Cheltenham'),
(258, 13, 'Cherrybrook'),
(259, 13, 'Clayton'),
(260, 13, 'Collingwood'),
(261, 13, 'Frenchs Forest'),
(262, 13, 'Hawthorn'),
(263, 13, 'Jannnali'),
(264, 13, 'Knoxfield'),
(265, 13, 'Melbourne'),
(266, 13, 'New South Wales'),
(267, 13, 'Northern Territory'),
(268, 13, 'Perth'),
(269, 13, 'Queensland'),
(270, 13, 'South Australia'),
(271, 13, 'Tasmania'),
(272, 13, 'Templestowe'),
(273, 13, 'Victoria'),
(274, 13, 'Werribee south'),
(275, 13, 'Western Australia'),
(276, 13, 'Wheeler'),
(277, 14, 'Bundesland Salzburg'),
(278, 14, 'Bundesland Steiermark'),
(279, 14, 'Bundesland Tirol'),
(280, 14, 'Burgenland'),
(281, 14, 'Carinthia'),
(282, 14, 'Karnten'),
(283, 14, 'Liezen'),
(284, 14, 'Lower Austria'),
(285, 14, 'Niederosterreich'),
(286, 14, 'Oberosterreich'),
(287, 14, 'Salzburg'),
(288, 14, 'Schleswig-Holstein'),
(289, 14, 'Steiermark'),
(290, 14, 'Styria'),
(291, 14, 'Tirol'),
(292, 14, 'Upper Austria'),
(293, 14, 'Vorarlberg'),
(294, 14, 'Wien'),
(295, 15, 'Abseron'),
(296, 15, 'Baki Sahari'),
(297, 15, 'Ganca'),
(298, 15, 'Ganja'),
(299, 15, 'Kalbacar'),
(300, 15, 'Lankaran'),
(301, 15, 'Mil-Qarabax'),
(302, 15, 'Mugan-Salyan'),
(303, 15, 'Nagorni-Qarabax'),
(304, 15, 'Naxcivan'),
(305, 15, 'Priaraks'),
(306, 15, 'Qazax'),
(307, 15, 'Saki'),
(308, 15, 'Sirvan'),
(309, 15, 'Xacmaz'),
(310, 16, 'Abaco'),
(311, 16, 'Acklins Island'),
(312, 16, 'Andros'),
(313, 16, 'Berry Islands'),
(314, 16, 'Biminis'),
(315, 16, 'Cat Island'),
(316, 16, 'Crooked Island'),
(317, 16, 'Eleuthera'),
(318, 16, 'Exuma and Cays'),
(319, 16, 'Grand Bahama'),
(320, 16, 'Inagua Islands'),
(321, 16, 'Long Island'),
(322, 16, 'Mayaguana'),
(323, 16, 'New Providence'),
(324, 16, 'Ragged Island'),
(325, 16, 'Rum Cay'),
(326, 16, 'San Salvador'),
(327, 17, '\'Isa'),
(328, 17, 'Badiyah'),
(329, 17, 'Hidd'),
(330, 17, 'Jidd Hafs'),
(331, 17, 'Mahama'),
(332, 17, 'Manama'),
(333, 17, 'Sitrah'),
(334, 17, 'al-Manamah'),
(335, 17, 'al-Muharraq'),
(336, 17, 'ar-Rifa\'a'),
(337, 18, 'Bagar Hat'),
(338, 18, 'Bandarban'),
(339, 18, 'Barguna'),
(340, 18, 'Barisal'),
(341, 18, 'Bhola'),
(342, 18, 'Bogora'),
(343, 18, 'Brahman Bariya'),
(344, 18, 'Chandpur'),
(345, 18, 'Chattagam'),
(346, 18, 'Chittagong Division'),
(347, 18, 'Chuadanga'),
(348, 18, 'Dhaka'),
(349, 18, 'Dinajpur'),
(350, 18, 'Faridpur'),
(351, 18, 'Feni'),
(352, 18, 'Gaybanda'),
(353, 18, 'Gazipur'),
(354, 18, 'Gopalganj'),
(355, 18, 'Habiganj'),
(356, 18, 'Jaipur Hat'),
(357, 18, 'Jamalpur'),
(358, 18, 'Jessor'),
(359, 18, 'Jhalakati'),
(360, 18, 'Jhanaydah'),
(361, 18, 'Khagrachhari'),
(362, 18, 'Khulna'),
(363, 18, 'Kishorganj'),
(364, 18, 'Koks Bazar'),
(365, 18, 'Komilla'),
(366, 18, 'Kurigram'),
(367, 18, 'Kushtiya'),
(368, 18, 'Lakshmipur'),
(369, 18, 'Lalmanir Hat'),
(370, 18, 'Madaripur'),
(371, 18, 'Magura'),
(372, 18, 'Maimansingh'),
(373, 18, 'Manikganj'),
(374, 18, 'Maulvi Bazar'),
(375, 18, 'Meherpur'),
(376, 18, 'Munshiganj'),
(377, 18, 'Naral'),
(378, 18, 'Narayanganj'),
(379, 18, 'Narsingdi'),
(380, 18, 'Nator'),
(381, 18, 'Naugaon'),
(382, 18, 'Nawabganj'),
(383, 18, 'Netrakona'),
(384, 18, 'Nilphamari'),
(385, 18, 'Noakhali'),
(386, 18, 'Pabna'),
(387, 18, 'Panchagarh'),
(388, 18, 'Patuakhali'),
(389, 18, 'Pirojpur'),
(390, 18, 'Rajbari'),
(391, 18, 'Rajshahi'),
(392, 18, 'Rangamati'),
(393, 18, 'Rangpur'),
(394, 18, 'Satkhira'),
(395, 18, 'Shariatpur'),
(396, 18, 'Sherpur'),
(397, 18, 'Silhat'),
(398, 18, 'Sirajganj'),
(399, 18, 'Sunamganj'),
(400, 18, 'Tangayal'),
(401, 18, 'Thakurgaon'),
(402, 19, 'Christ Church'),
(403, 19, 'Saint Andrew'),
(404, 19, 'Saint George'),
(405, 19, 'Saint James'),
(406, 19, 'Saint John'),
(407, 19, 'Saint Joseph'),
(408, 19, 'Saint Lucy'),
(409, 19, 'Saint Michael'),
(410, 19, 'Saint Peter'),
(411, 19, 'Saint Philip'),
(412, 19, 'Saint Thomas'),
(413, 20, 'Brest'),
(414, 20, 'Homjel\''),
(415, 20, 'Hrodna'),
(416, 20, 'Mahiljow'),
(417, 20, 'Mahilyowskaya Voblasts'),
(418, 20, 'Minsk'),
(419, 20, 'Minskaja Voblasts\''),
(420, 20, 'Petrik'),
(421, 20, 'Vicebsk'),
(422, 21, 'Antwerpen'),
(423, 21, 'Berchem'),
(424, 21, 'Brabant'),
(425, 21, 'Brabant Wallon'),
(426, 21, 'Brussel'),
(427, 21, 'East Flanders'),
(428, 21, 'Hainaut'),
(429, 21, 'Liege'),
(430, 21, 'Limburg'),
(431, 21, 'Luxembourg'),
(432, 21, 'Namur'),
(433, 21, 'Ontario'),
(434, 21, 'Oost-Vlaanderen'),
(435, 21, 'Provincie Brabant'),
(436, 21, 'Vlaams-Brabant'),
(437, 21, 'Wallonne'),
(438, 21, 'West-Vlaanderen'),
(439, 22, 'Belize'),
(440, 22, 'Cayo'),
(441, 22, 'Corozal'),
(442, 22, 'Orange Walk'),
(443, 22, 'Stann Creek'),
(444, 22, 'Toledo'),
(445, 23, 'Alibori'),
(446, 23, 'Atacora'),
(447, 23, 'Atlantique'),
(448, 23, 'Borgou'),
(449, 23, 'Collines'),
(450, 23, 'Couffo'),
(451, 23, 'Donga'),
(452, 23, 'Littoral'),
(453, 23, 'Mono'),
(454, 23, 'Oueme'),
(455, 23, 'Plateau'),
(456, 23, 'Zou'),
(457, 24, 'Hamilton'),
(458, 24, 'Saint George'),
(459, 25, 'Bumthang'),
(460, 25, 'Chhukha'),
(461, 25, 'Chirang'),
(462, 25, 'Daga'),
(463, 25, 'Geylegphug'),
(464, 25, 'Ha'),
(465, 25, 'Lhuntshi'),
(466, 25, 'Mongar'),
(467, 25, 'Pemagatsel'),
(468, 25, 'Punakha'),
(469, 25, 'Rinpung'),
(470, 25, 'Samchi'),
(471, 25, 'Samdrup Jongkhar'),
(472, 25, 'Shemgang'),
(473, 25, 'Tashigang'),
(474, 25, 'Timphu'),
(475, 25, 'Tongsa'),
(476, 25, 'Wangdiphodrang'),
(477, 26, 'Beni'),
(478, 26, 'Chuquisaca'),
(479, 26, 'Cochabamba'),
(480, 26, 'La Paz'),
(481, 26, 'Oruro'),
(482, 26, 'Pando'),
(483, 26, 'Potosi'),
(484, 26, 'Santa Cruz'),
(485, 26, 'Tarija'),
(486, 27, 'Federacija Bosna i Hercegovina'),
(487, 27, 'Republika Srpska'),
(488, 28, 'Central Bobonong'),
(489, 28, 'Central Boteti'),
(490, 28, 'Central Mahalapye'),
(491, 28, 'Central Serowe-Palapye'),
(492, 28, 'Central Tutume'),
(493, 28, 'Chobe'),
(494, 28, 'Francistown'),
(495, 28, 'Gaborone'),
(496, 28, 'Ghanzi'),
(497, 28, 'Jwaneng'),
(498, 28, 'Kgalagadi North'),
(499, 28, 'Kgalagadi South'),
(500, 28, 'Kgatleng'),
(501, 28, 'Kweneng'),
(502, 28, 'Lobatse'),
(503, 28, 'Ngamiland'),
(504, 28, 'Ngwaketse'),
(505, 28, 'North East'),
(506, 28, 'Okavango'),
(507, 28, 'Orapa'),
(508, 28, 'Selibe Phikwe'),
(509, 28, 'South East'),
(510, 28, 'Sowa'),
(511, 29, 'Bouvet Island'),
(512, 30, 'Acre'),
(513, 30, 'Alagoas'),
(514, 30, 'Amapa'),
(515, 30, 'Amazonas'),
(516, 30, 'Bahia'),
(517, 30, 'Ceara'),
(518, 30, 'Distrito Federal'),
(519, 30, 'Espirito Santo'),
(520, 30, 'Estado de Sao Paulo'),
(521, 30, 'Goias'),
(522, 30, 'Maranhao'),
(523, 30, 'Mato Grosso'),
(524, 30, 'Mato Grosso do Sul'),
(525, 30, 'Minas Gerais'),
(526, 30, 'Para'),
(527, 30, 'Paraiba'),
(528, 30, 'Parana'),
(529, 30, 'Pernambuco'),
(530, 30, 'Piaui'),
(531, 30, 'Rio Grande do Norte'),
(532, 30, 'Rio Grande do Sul'),
(533, 30, 'Rio de Janeiro'),
(534, 30, 'Rondonia'),
(535, 30, 'Roraima'),
(536, 30, 'Santa Catarina'),
(537, 30, 'Sao Paulo'),
(538, 30, 'Sergipe'),
(539, 30, 'Tocantins'),
(540, 31, 'British Indian Ocean Territory'),
(541, 32, 'Belait'),
(542, 32, 'Brunei-Muara'),
(543, 32, 'Temburong'),
(544, 32, 'Tutong'),
(545, 33, 'Blagoevgrad'),
(546, 33, 'Burgas'),
(547, 33, 'Dobrich'),
(548, 33, 'Gabrovo'),
(549, 33, 'Haskovo'),
(550, 33, 'Jambol'),
(551, 33, 'Kardzhali'),
(552, 33, 'Kjustendil'),
(553, 33, 'Lovech'),
(554, 33, 'Montana'),
(555, 33, 'Oblast Sofiya-Grad'),
(556, 33, 'Pazardzhik'),
(557, 33, 'Pernik'),
(558, 33, 'Pleven'),
(559, 33, 'Plovdiv'),
(560, 33, 'Razgrad'),
(561, 33, 'Ruse'),
(562, 33, 'Shumen'),
(563, 33, 'Silistra'),
(564, 33, 'Sliven'),
(565, 33, 'Smoljan'),
(566, 33, 'Sofija grad'),
(567, 33, 'Sofijska oblast'),
(568, 33, 'Stara Zagora'),
(569, 33, 'Targovishte'),
(570, 33, 'Varna'),
(571, 33, 'Veliko Tarnovo'),
(572, 33, 'Vidin'),
(573, 33, 'Vraca'),
(574, 33, 'Yablaniza'),
(575, 34, 'Bale'),
(576, 34, 'Bam'),
(577, 34, 'Bazega'),
(578, 34, 'Bougouriba'),
(579, 34, 'Boulgou'),
(580, 34, 'Boulkiemde'),
(581, 34, 'Comoe'),
(582, 34, 'Ganzourgou'),
(583, 34, 'Gnagna'),
(584, 34, 'Gourma'),
(585, 34, 'Houet'),
(586, 34, 'Ioba'),
(587, 34, 'Kadiogo'),
(588, 34, 'Kenedougou'),
(589, 34, 'Komandjari'),
(590, 34, 'Kompienga'),
(591, 34, 'Kossi'),
(592, 34, 'Kouritenga'),
(593, 34, 'Kourweogo'),
(594, 34, 'Leraba'),
(595, 34, 'Mouhoun'),
(596, 34, 'Nahouri'),
(597, 34, 'Namentenga'),
(598, 34, 'Noumbiel'),
(599, 34, 'Oubritenga'),
(600, 34, 'Oudalan'),
(601, 34, 'Passore'),
(602, 34, 'Poni'),
(603, 34, 'Sanguie'),
(604, 34, 'Sanmatenga'),
(605, 34, 'Seno'),
(606, 34, 'Sissili'),
(607, 34, 'Soum'),
(608, 34, 'Sourou'),
(609, 34, 'Tapoa'),
(610, 34, 'Tuy'),
(611, 34, 'Yatenga'),
(612, 34, 'Zondoma'),
(613, 34, 'Zoundweogo'),
(614, 35, 'Bubanza'),
(615, 35, 'Bujumbura'),
(616, 35, 'Bururi'),
(617, 35, 'Cankuzo'),
(618, 35, 'Cibitoke'),
(619, 35, 'Gitega'),
(620, 35, 'Karuzi'),
(621, 35, 'Kayanza'),
(622, 35, 'Kirundo'),
(623, 35, 'Makamba'),
(624, 35, 'Muramvya'),
(625, 35, 'Muyinga'),
(626, 35, 'Ngozi'),
(627, 35, 'Rutana'),
(628, 35, 'Ruyigi'),
(629, 36, 'Banteay Mean Chey'),
(630, 36, 'Bat Dambang'),
(631, 36, 'Kampong Cham'),
(632, 36, 'Kampong Chhnang'),
(633, 36, 'Kampong Spoeu'),
(634, 36, 'Kampong Thum'),
(635, 36, 'Kampot'),
(636, 36, 'Kandal'),
(637, 36, 'Kaoh Kong'),
(638, 36, 'Kracheh'),
(639, 36, 'Krong Kaeb'),
(640, 36, 'Krong Pailin'),
(641, 36, 'Krong Preah Sihanouk'),
(642, 36, 'Mondol Kiri'),
(643, 36, 'Otdar Mean Chey'),
(644, 36, 'Phnum Penh'),
(645, 36, 'Pousat'),
(646, 36, 'Preah Vihear'),
(647, 36, 'Prey Veaeng'),
(648, 36, 'Rotanak Kiri'),
(649, 36, 'Siem Reab'),
(650, 36, 'Stueng Traeng'),
(651, 36, 'Svay Rieng'),
(652, 36, 'Takaev'),
(653, 37, 'Adamaoua'),
(654, 37, 'Centre'),
(655, 37, 'Est'),
(656, 37, 'Littoral'),
(657, 37, 'Nord'),
(658, 37, 'Nord Extreme'),
(659, 37, 'Nordouest'),
(660, 37, 'Ouest'),
(661, 37, 'Sud'),
(662, 37, 'Sudouest'),
(663, 38, 'Alberta'),
(664, 38, 'British Columbia'),
(665, 38, 'Manitoba'),
(666, 38, 'New Brunswick'),
(667, 38, 'Newfoundland and Labrador'),
(668, 38, 'Northwest Territories'),
(669, 38, 'Nova Scotia'),
(670, 38, 'Nunavut'),
(671, 38, 'Ontario'),
(672, 38, 'Prince Edward Island'),
(673, 38, 'Quebec'),
(674, 38, 'Saskatchewan'),
(675, 38, 'Yukon'),
(676, 39, 'Boavista'),
(677, 39, 'Brava'),
(678, 39, 'Fogo'),
(679, 39, 'Maio'),
(680, 39, 'Sal'),
(681, 39, 'Santo Antao'),
(682, 39, 'Sao Nicolau'),
(683, 39, 'Sao Tiago'),
(684, 39, 'Sao Vicente'),
(685, 40, 'Grand Cayman'),
(686, 41, 'Bamingui-Bangoran'),
(687, 41, 'Bangui'),
(688, 41, 'Basse-Kotto'),
(689, 41, 'Haut-Mbomou'),
(690, 41, 'Haute-Kotto'),
(691, 41, 'Kemo'),
(692, 41, 'Lobaye'),
(693, 41, 'Mambere-Kadei'),
(694, 41, 'Mbomou'),
(695, 41, 'Nana-Gribizi'),
(696, 41, 'Nana-Mambere'),
(697, 41, 'Ombella Mpoko'),
(698, 41, 'Ouaka'),
(699, 41, 'Ouham'),
(700, 41, 'Ouham-Pende'),
(701, 41, 'Sangha-Mbaere'),
(702, 41, 'Vakaga'),
(703, 42, 'Batha'),
(704, 42, 'Biltine'),
(705, 42, 'Bourkou-Ennedi-Tibesti'),
(706, 42, 'Chari-Baguirmi'),
(707, 42, 'Guera'),
(708, 42, 'Kanem'),
(709, 42, 'Lac'),
(710, 42, 'Logone Occidental'),
(711, 42, 'Logone Oriental'),
(712, 42, 'Mayo-Kebbi'),
(713, 42, 'Moyen-Chari'),
(714, 42, 'Ouaddai'),
(715, 42, 'Salamat'),
(716, 42, 'Tandjile'),
(717, 43, 'Aisen'),
(718, 43, 'Antofagasta'),
(719, 43, 'Araucania'),
(720, 43, 'Atacama'),
(721, 43, 'Bio Bio'),
(722, 43, 'Coquimbo'),
(723, 43, 'Libertador General Bernardo O\''),
(724, 43, 'Los Lagos'),
(725, 43, 'Magellanes'),
(726, 43, 'Maule'),
(727, 43, 'Metropolitana'),
(728, 43, 'Metropolitana de Santiago'),
(729, 43, 'Tarapaca'),
(730, 43, 'Valparaiso'),
(731, 44, 'Anhui'),
(732, 44, 'Anhui Province'),
(733, 44, 'Anhui Sheng'),
(734, 44, 'Aomen'),
(735, 44, 'Beijing'),
(736, 44, 'Beijing Shi'),
(737, 44, 'Chongqing'),
(738, 44, 'Fujian'),
(739, 44, 'Fujian Sheng'),
(740, 44, 'Gansu'),
(741, 44, 'Guangdong'),
(742, 44, 'Guangdong Sheng'),
(743, 44, 'Guangxi'),
(744, 44, 'Guizhou'),
(745, 44, 'Hainan'),
(746, 44, 'Hebei'),
(747, 44, 'Heilongjiang'),
(748, 44, 'Henan'),
(749, 44, 'Hubei'),
(750, 44, 'Hunan'),
(751, 44, 'Jiangsu'),
(752, 44, 'Jiangsu Sheng'),
(753, 44, 'Jiangxi'),
(754, 44, 'Jilin'),
(755, 44, 'Liaoning'),
(756, 44, 'Liaoning Sheng'),
(757, 44, 'Nei Monggol'),
(758, 44, 'Ningxia Hui'),
(759, 44, 'Qinghai'),
(760, 44, 'Shaanxi'),
(761, 44, 'Shandong'),
(762, 44, 'Shandong Sheng'),
(763, 44, 'Shanghai'),
(764, 44, 'Shanxi'),
(765, 44, 'Sichuan'),
(766, 44, 'Tianjin'),
(767, 44, 'Xianggang'),
(768, 44, 'Xinjiang'),
(769, 44, 'Xizang'),
(770, 44, 'Yunnan'),
(771, 44, 'Zhejiang'),
(772, 44, 'Zhejiang Sheng'),
(773, 45, 'Christmas Island'),
(774, 46, 'Cocos (Keeling) Islands'),
(775, 47, 'Amazonas'),
(776, 47, 'Antioquia'),
(777, 47, 'Arauca'),
(778, 47, 'Atlantico'),
(779, 47, 'Bogota'),
(780, 47, 'Bolivar'),
(781, 47, 'Boyaca'),
(782, 47, 'Caldas'),
(783, 47, 'Caqueta'),
(784, 47, 'Casanare'),
(785, 47, 'Cauca'),
(786, 47, 'Cesar'),
(787, 47, 'Choco'),
(788, 47, 'Cordoba'),
(789, 47, 'Cundinamarca'),
(790, 47, 'Guainia'),
(791, 47, 'Guaviare'),
(792, 47, 'Huila'),
(793, 47, 'La Guajira'),
(794, 47, 'Magdalena'),
(795, 47, 'Meta'),
(796, 47, 'Narino'),
(797, 47, 'Norte de Santander'),
(798, 47, 'Putumayo'),
(799, 47, 'Quindio'),
(800, 47, 'Risaralda'),
(801, 47, 'San Andres y Providencia'),
(802, 47, 'Santander'),
(803, 47, 'Sucre'),
(804, 47, 'Tolima'),
(805, 47, 'Valle del Cauca'),
(806, 47, 'Vaupes'),
(807, 47, 'Vichada'),
(808, 48, 'Mwali'),
(809, 48, 'Njazidja'),
(810, 48, 'Nzwani'),
(811, 49, 'Bouenza'),
(812, 49, 'Brazzaville'),
(813, 49, 'Cuvette'),
(814, 49, 'Kouilou'),
(815, 49, 'Lekoumou'),
(816, 49, 'Likouala'),
(817, 49, 'Niari'),
(818, 49, 'Plateaux'),
(819, 49, 'Pool'),
(820, 49, 'Sangha'),
(821, 50, 'Bandundu'),
(822, 50, 'Bas-Congo'),
(823, 50, 'Equateur'),
(824, 50, 'Haut-Congo'),
(825, 50, 'Kasai-Occidental'),
(826, 50, 'Kasai-Oriental'),
(827, 50, 'Katanga'),
(828, 50, 'Kinshasa'),
(829, 50, 'Maniema'),
(830, 50, 'Nord-Kivu'),
(831, 50, 'Sud-Kivu'),
(832, 51, 'Aitutaki'),
(833, 51, 'Atiu'),
(834, 51, 'Mangaia'),
(835, 51, 'Manihiki'),
(836, 51, 'Mauke'),
(837, 51, 'Mitiaro'),
(838, 51, 'Nassau'),
(839, 51, 'Pukapuka'),
(840, 51, 'Rakahanga'),
(841, 51, 'Rarotonga'),
(842, 51, 'Tongareva'),
(843, 52, 'Alajuela'),
(844, 52, 'Cartago'),
(845, 52, 'Guanacaste'),
(846, 52, 'Heredia'),
(847, 52, 'Limon'),
(848, 52, 'Puntarenas'),
(849, 52, 'San Jose'),
(850, 53, 'Abidjan'),
(851, 53, 'Agneby'),
(852, 53, 'Bafing'),
(853, 53, 'Denguele'),
(854, 53, 'Dix-huit Montagnes'),
(855, 53, 'Fromager'),
(856, 53, 'Haut-Sassandra'),
(857, 53, 'Lacs'),
(858, 53, 'Lagunes'),
(859, 53, 'Marahoue'),
(860, 53, 'Moyen-Cavally'),
(861, 53, 'Moyen-Comoe'),
(862, 53, 'N\'zi-Comoe'),
(863, 53, 'Sassandra'),
(864, 53, 'Savanes'),
(865, 53, 'Sud-Bandama'),
(866, 53, 'Sud-Comoe'),
(867, 53, 'Vallee du Bandama'),
(868, 53, 'Worodougou'),
(869, 53, 'Zanzan'),
(870, 54, 'Bjelovar-Bilogora'),
(871, 54, 'Dubrovnik-Neretva'),
(872, 54, 'Grad Zagreb'),
(873, 54, 'Istra'),
(874, 54, 'Karlovac'),
(875, 54, 'Koprivnica-Krizhevci'),
(876, 54, 'Krapina-Zagorje'),
(877, 54, 'Lika-Senj'),
(878, 54, 'Medhimurje'),
(879, 54, 'Medimurska Zupanija'),
(880, 54, 'Osijek-Baranja'),
(881, 54, 'Osjecko-Baranjska Zupanija'),
(882, 54, 'Pozhega-Slavonija'),
(883, 54, 'Primorje-Gorski Kotar'),
(884, 54, 'Shibenik-Knin'),
(885, 54, 'Sisak-Moslavina'),
(886, 54, 'Slavonski Brod-Posavina'),
(887, 54, 'Split-Dalmacija'),
(888, 54, 'Varazhdin'),
(889, 54, 'Virovitica-Podravina'),
(890, 54, 'Vukovar-Srijem'),
(891, 54, 'Zadar'),
(892, 54, 'Zagreb'),
(893, 55, 'Camaguey'),
(894, 55, 'Ciego de Avila'),
(895, 55, 'Cienfuegos'),
(896, 55, 'Ciudad de la Habana'),
(897, 55, 'Granma'),
(898, 55, 'Guantanamo'),
(899, 55, 'Habana'),
(900, 55, 'Holguin'),
(901, 55, 'Isla de la Juventud'),
(902, 55, 'La Habana'),
(903, 55, 'Las Tunas'),
(904, 55, 'Matanzas'),
(905, 55, 'Pinar del Rio'),
(906, 55, 'Sancti Spiritus'),
(907, 55, 'Santiago de Cuba'),
(908, 55, 'Villa Clara'),
(909, 56, 'Government controlled area'),
(910, 56, 'Limassol'),
(911, 56, 'Nicosia District'),
(912, 56, 'Paphos'),
(913, 56, 'Turkish controlled area'),
(914, 57, 'Central Bohemian'),
(915, 57, 'Frycovice'),
(916, 57, 'Jihocesky Kraj'),
(917, 57, 'Jihochesky'),
(918, 57, 'Jihomoravsky'),
(919, 57, 'Karlovarsky'),
(920, 57, 'Klecany'),
(921, 57, 'Kralovehradecky'),
(922, 57, 'Liberecky'),
(923, 57, 'Lipov'),
(924, 57, 'Moravskoslezsky'),
(925, 57, 'Olomoucky'),
(926, 57, 'Olomoucky Kraj'),
(927, 57, 'Pardubicky'),
(928, 57, 'Plzensky'),
(929, 57, 'Praha'),
(930, 57, 'Rajhrad'),
(931, 57, 'Smirice'),
(932, 57, 'South Moravian'),
(933, 57, 'Straz nad Nisou'),
(934, 57, 'Stredochesky'),
(935, 57, 'Unicov'),
(936, 57, 'Ustecky'),
(937, 57, 'Valletta'),
(938, 57, 'Velesin'),
(939, 57, 'Vysochina'),
(940, 57, 'Zlinsky'),
(941, 58, 'Arhus'),
(942, 58, 'Bornholm'),
(943, 58, 'Frederiksborg'),
(944, 58, 'Fyn'),
(945, 58, 'Hovedstaden'),
(946, 58, 'Kobenhavn'),
(947, 58, 'Kobenhavns Amt'),
(948, 58, 'Kobenhavns Kommune'),
(949, 58, 'Nordjylland'),
(950, 58, 'Ribe'),
(951, 58, 'Ringkobing'),
(952, 58, 'Roervig'),
(953, 58, 'Roskilde'),
(954, 58, 'Roslev'),
(955, 58, 'Sjaelland'),
(956, 58, 'Soeborg'),
(957, 58, 'Sonderjylland'),
(958, 58, 'Storstrom'),
(959, 58, 'Syddanmark'),
(960, 58, 'Toelloese'),
(961, 58, 'Vejle'),
(962, 58, 'Vestsjalland'),
(963, 58, 'Viborg'),
(964, 59, '\'Ali Sabih'),
(965, 59, 'Dikhil'),
(966, 59, 'Jibuti'),
(967, 59, 'Tajurah'),
(968, 59, 'Ubuk'),
(969, 60, 'Saint Andrew'),
(970, 60, 'Saint David'),
(971, 60, 'Saint George'),
(972, 60, 'Saint John'),
(973, 60, 'Saint Joseph'),
(974, 60, 'Saint Luke'),
(975, 60, 'Saint Mark'),
(976, 60, 'Saint Patrick'),
(977, 60, 'Saint Paul'),
(978, 60, 'Saint Peter'),
(979, 61, 'Azua'),
(980, 61, 'Bahoruco'),
(981, 61, 'Barahona'),
(982, 61, 'Dajabon'),
(983, 61, 'Distrito Nacional'),
(984, 61, 'Duarte'),
(985, 61, 'El Seybo'),
(986, 61, 'Elias Pina'),
(987, 61, 'Espaillat'),
(988, 61, 'Hato Mayor'),
(989, 61, 'Independencia'),
(990, 61, 'La Altagracia'),
(991, 61, 'La Romana'),
(992, 61, 'La Vega'),
(993, 61, 'Maria Trinidad Sanchez'),
(994, 61, 'Monsenor Nouel'),
(995, 61, 'Monte Cristi'),
(996, 61, 'Monte Plata'),
(997, 61, 'Pedernales'),
(998, 61, 'Peravia'),
(999, 61, 'Puerto Plata'),
(1000, 61, 'Salcedo'),
(1001, 61, 'Samana'),
(1002, 61, 'San Cristobal'),
(1003, 61, 'San Juan'),
(1004, 61, 'San Pedro de Macoris'),
(1005, 61, 'Sanchez Ramirez'),
(1006, 61, 'Santiago'),
(1007, 61, 'Santiago Rodriguez'),
(1008, 61, 'Valverde'),
(1009, 62, 'Aileu'),
(1010, 62, 'Ainaro'),
(1011, 62, 'Ambeno'),
(1012, 62, 'Baucau'),
(1013, 62, 'Bobonaro'),
(1014, 62, 'Cova Lima'),
(1015, 62, 'Dili'),
(1016, 62, 'Ermera'),
(1017, 62, 'Lautem'),
(1018, 62, 'Liquica'),
(1019, 62, 'Manatuto'),
(1020, 62, 'Manufahi'),
(1021, 62, 'Viqueque'),
(1022, 63, 'Azuay'),
(1023, 63, 'Bolivar'),
(1024, 63, 'Canar'),
(1025, 63, 'Carchi'),
(1026, 63, 'Chimborazo'),
(1027, 63, 'Cotopaxi'),
(1028, 63, 'El Oro'),
(1029, 63, 'Esmeraldas'),
(1030, 63, 'Galapagos'),
(1031, 63, 'Guayas'),
(1032, 63, 'Imbabura'),
(1033, 63, 'Loja'),
(1034, 63, 'Los Rios'),
(1035, 63, 'Manabi'),
(1036, 63, 'Morona Santiago'),
(1037, 63, 'Napo'),
(1038, 63, 'Orellana'),
(1039, 63, 'Pastaza'),
(1040, 63, 'Pichincha'),
(1041, 63, 'Sucumbios'),
(1042, 63, 'Tungurahua'),
(1043, 63, 'Zamora Chinchipe'),
(1044, 64, 'Aswan'),
(1045, 64, 'Asyut'),
(1046, 64, 'Bani Suwayf'),
(1047, 64, 'Bur Sa\'id'),
(1048, 64, 'Cairo'),
(1049, 64, 'Dumyat'),
(1050, 64, 'Kafr-ash-Shaykh'),
(1051, 64, 'Matruh'),
(1052, 64, 'Muhafazat ad Daqahliyah'),
(1053, 64, 'Muhafazat al Fayyum'),
(1054, 64, 'Muhafazat al Gharbiyah'),
(1055, 64, 'Muhafazat al Iskandariyah'),
(1056, 64, 'Muhafazat al Qahirah'),
(1057, 64, 'Qina'),
(1058, 64, 'Sawhaj'),
(1059, 64, 'Sina al-Janubiyah'),
(1060, 64, 'Sina ash-Shamaliyah'),
(1061, 64, 'ad-Daqahliyah'),
(1062, 64, 'al-Bahr-al-Ahmar'),
(1063, 64, 'al-Buhayrah'),
(1064, 64, 'al-Fayyum'),
(1065, 64, 'al-Gharbiyah'),
(1066, 64, 'al-Iskandariyah'),
(1067, 64, 'al-Ismailiyah'),
(1068, 64, 'al-Jizah'),
(1069, 64, 'al-Minufiyah'),
(1070, 64, 'al-Minya'),
(1071, 64, 'al-Qahira'),
(1072, 64, 'al-Qalyubiyah'),
(1073, 64, 'al-Uqsur'),
(1074, 64, 'al-Wadi al-Jadid'),
(1075, 64, 'as-Suways'),
(1076, 64, 'ash-Sharqiyah'),
(1077, 65, 'Ahuachapan'),
(1078, 65, 'Cabanas'),
(1079, 65, 'Chalatenango'),
(1080, 65, 'Cuscatlan'),
(1081, 65, 'La Libertad'),
(1082, 65, 'La Paz'),
(1083, 65, 'La Union'),
(1084, 65, 'Morazan'),
(1085, 65, 'San Miguel'),
(1086, 65, 'San Salvador'),
(1087, 65, 'San Vicente'),
(1088, 65, 'Santa Ana'),
(1089, 65, 'Sonsonate'),
(1090, 65, 'Usulutan'),
(1091, 66, 'Annobon'),
(1092, 66, 'Bioko Norte'),
(1093, 66, 'Bioko Sur'),
(1094, 66, 'Centro Sur'),
(1095, 66, 'Kie-Ntem'),
(1096, 66, 'Litoral'),
(1097, 66, 'Wele-Nzas'),
(1098, 67, 'Anseba'),
(1099, 67, 'Debub'),
(1100, 67, 'Debub-Keih-Bahri'),
(1101, 67, 'Gash-Barka'),
(1102, 67, 'Maekel'),
(1103, 67, 'Semien-Keih-Bahri'),
(1104, 68, 'Harju'),
(1105, 68, 'Hiiu'),
(1106, 68, 'Ida-Viru'),
(1107, 68, 'Jarva'),
(1108, 68, 'Jogeva'),
(1109, 68, 'Laane'),
(1110, 68, 'Laane-Viru'),
(1111, 68, 'Parnu'),
(1112, 68, 'Polva'),
(1113, 68, 'Rapla'),
(1114, 68, 'Saare'),
(1115, 68, 'Tartu'),
(1116, 68, 'Valga'),
(1117, 68, 'Viljandi'),
(1118, 68, 'Voru'),
(1119, 69, 'Addis Abeba'),
(1120, 69, 'Afar'),
(1121, 69, 'Amhara'),
(1122, 69, 'Benishangul'),
(1123, 69, 'Diredawa'),
(1124, 69, 'Gambella'),
(1125, 69, 'Harar'),
(1126, 69, 'Jigjiga'),
(1127, 69, 'Mekele'),
(1128, 69, 'Oromia'),
(1129, 69, 'Somali'),
(1130, 69, 'Southern'),
(1131, 69, 'Tigray'),
(1132, 70, 'Christmas Island'),
(1133, 70, 'Cocos Islands'),
(1134, 70, 'Coral Sea Islands'),
(1135, 71, 'Falkland Islands'),
(1136, 71, 'South Georgia'),
(1137, 72, 'Klaksvik'),
(1138, 72, 'Nor ara Eysturoy'),
(1139, 72, 'Nor oy'),
(1140, 72, 'Sandoy'),
(1141, 72, 'Streymoy'),
(1142, 72, 'Su uroy'),
(1143, 72, 'Sy ra Eysturoy'),
(1144, 72, 'Torshavn'),
(1145, 72, 'Vaga'),
(1146, 73, 'Central'),
(1147, 73, 'Eastern'),
(1148, 73, 'Northern'),
(1149, 73, 'South Pacific'),
(1150, 73, 'Western'),
(1151, 74, 'Ahvenanmaa'),
(1152, 74, 'Etela-Karjala'),
(1153, 74, 'Etela-Pohjanmaa'),
(1154, 74, 'Etela-Savo'),
(1155, 74, 'Etela-Suomen Laani'),
(1156, 74, 'Ita-Suomen Laani'),
(1157, 74, 'Ita-Uusimaa'),
(1158, 74, 'Kainuu'),
(1159, 74, 'Kanta-Hame'),
(1160, 74, 'Keski-Pohjanmaa'),
(1161, 74, 'Keski-Suomi'),
(1162, 74, 'Kymenlaakso'),
(1163, 74, 'Lansi-Suomen Laani'),
(1164, 74, 'Lappi'),
(1165, 74, 'Northern Savonia'),
(1166, 74, 'Ostrobothnia'),
(1167, 74, 'Oulun Laani'),
(1168, 74, 'Paijat-Hame'),
(1169, 74, 'Pirkanmaa'),
(1170, 74, 'Pohjanmaa'),
(1171, 74, 'Pohjois-Karjala'),
(1172, 74, 'Pohjois-Pohjanmaa'),
(1173, 74, 'Pohjois-Savo'),
(1174, 74, 'Saarijarvi'),
(1175, 74, 'Satakunta'),
(1176, 74, 'Southern Savonia'),
(1177, 74, 'Tavastia Proper'),
(1178, 74, 'Uleaborgs Lan'),
(1179, 74, 'Uusimaa'),
(1180, 74, 'Varsinais-Suomi'),
(1181, 75, 'Ain'),
(1182, 75, 'Aisne'),
(1183, 75, 'Albi Le Sequestre'),
(1184, 75, 'Allier'),
(1185, 75, 'Alpes-Cote dAzur'),
(1186, 75, 'Alpes-Maritimes'),
(1187, 75, 'Alpes-de-Haute-Provence'),
(1188, 75, 'Alsace'),
(1189, 75, 'Aquitaine'),
(1190, 75, 'Ardeche'),
(1191, 75, 'Ardennes'),
(1192, 75, 'Ariege'),
(1193, 75, 'Aube'),
(1194, 75, 'Aude'),
(1195, 75, 'Auvergne'),
(1196, 75, 'Aveyron'),
(1197, 75, 'Bas-Rhin'),
(1198, 75, 'Basse-Normandie'),
(1199, 75, 'Bouches-du-Rhone'),
(1200, 75, 'Bourgogne'),
(1201, 75, 'Bretagne'),
(1202, 75, 'Brittany'),
(1203, 75, 'Burgundy'),
(1204, 75, 'Calvados'),
(1205, 75, 'Cantal'),
(1206, 75, 'Cedex'),
(1207, 75, 'Centre'),
(1208, 75, 'Charente'),
(1209, 75, 'Charente-Maritime'),
(1210, 75, 'Cher'),
(1211, 75, 'Correze'),
(1212, 75, 'Corse-du-Sud'),
(1213, 75, 'Cote-d\'Or'),
(1214, 75, 'Cotes-d\'Armor'),
(1215, 75, 'Creuse'),
(1216, 75, 'Crolles'),
(1217, 75, 'Deux-Sevres'),
(1218, 75, 'Dordogne'),
(1219, 75, 'Doubs'),
(1220, 75, 'Drome'),
(1221, 75, 'Essonne'),
(1222, 75, 'Eure'),
(1223, 75, 'Eure-et-Loir'),
(1224, 75, 'Feucherolles'),
(1225, 75, 'Finistere'),
(1226, 75, 'Franche-Comte'),
(1227, 75, 'Gard'),
(1228, 75, 'Gers'),
(1229, 75, 'Gironde'),
(1230, 75, 'Haut-Rhin'),
(1231, 75, 'Haute-Corse'),
(1232, 75, 'Haute-Garonne'),
(1233, 75, 'Haute-Loire'),
(1234, 75, 'Haute-Marne'),
(1235, 75, 'Haute-Saone'),
(1236, 75, 'Haute-Savoie'),
(1237, 75, 'Haute-Vienne'),
(1238, 75, 'Hautes-Alpes'),
(1239, 75, 'Hautes-Pyrenees'),
(1240, 75, 'Hauts-de-Seine'),
(1241, 75, 'Herault'),
(1242, 75, 'Ile-de-France'),
(1243, 75, 'Ille-et-Vilaine'),
(1244, 75, 'Indre'),
(1245, 75, 'Indre-et-Loire'),
(1246, 75, 'Isere'),
(1247, 75, 'Jura'),
(1248, 75, 'Klagenfurt'),
(1249, 75, 'Landes'),
(1250, 75, 'Languedoc-Roussillon'),
(1251, 75, 'Larcay'),
(1252, 75, 'Le Castellet'),
(1253, 75, 'Le Creusot'),
(1254, 75, 'Limousin'),
(1255, 75, 'Loir-et-Cher'),
(1256, 75, 'Loire'),
(1257, 75, 'Loire-Atlantique'),
(1258, 75, 'Loiret'),
(1259, 75, 'Lorraine'),
(1260, 75, 'Lot'),
(1261, 75, 'Lot-et-Garonne'),
(1262, 75, 'Lower Normandy'),
(1263, 75, 'Lozere'),
(1264, 75, 'Maine-et-Loire'),
(1265, 75, 'Manche'),
(1266, 75, 'Marne'),
(1267, 75, 'Mayenne'),
(1268, 75, 'Meurthe-et-Moselle'),
(1269, 75, 'Meuse'),
(1270, 75, 'Midi-Pyrenees'),
(1271, 75, 'Morbihan'),
(1272, 75, 'Moselle'),
(1273, 75, 'Nievre'),
(1274, 75, 'Nord'),
(1275, 75, 'Nord-Pas-de-Calais'),
(1276, 75, 'Oise'),
(1277, 75, 'Orne'),
(1278, 75, 'Paris'),
(1279, 75, 'Pas-de-Calais'),
(1280, 75, 'Pays de la Loire'),
(1281, 75, 'Pays-de-la-Loire'),
(1282, 75, 'Picardy'),
(1283, 75, 'Puy-de-Dome'),
(1284, 75, 'Pyrenees-Atlantiques'),
(1285, 75, 'Pyrenees-Orientales'),
(1286, 75, 'Quelmes'),
(1287, 75, 'Rhone'),
(1288, 75, 'Rhone-Alpes'),
(1289, 75, 'Saint Ouen'),
(1290, 75, 'Saint Viatre'),
(1291, 75, 'Saone-et-Loire'),
(1292, 75, 'Sarthe'),
(1293, 75, 'Savoie'),
(1294, 75, 'Seine-Maritime'),
(1295, 75, 'Seine-Saint-Denis'),
(1296, 75, 'Seine-et-Marne'),
(1297, 75, 'Somme'),
(1298, 75, 'Sophia Antipolis'),
(1299, 75, 'Souvans'),
(1300, 75, 'Tarn'),
(1301, 75, 'Tarn-et-Garonne'),
(1302, 75, 'Territoire de Belfort'),
(1303, 75, 'Treignac'),
(1304, 75, 'Upper Normandy'),
(1305, 75, 'Val-d\'Oise'),
(1306, 75, 'Val-de-Marne'),
(1307, 75, 'Var'),
(1308, 75, 'Vaucluse'),
(1309, 75, 'Vellise'),
(1310, 75, 'Vendee'),
(1311, 75, 'Vienne'),
(1312, 75, 'Vosges'),
(1313, 75, 'Yonne'),
(1314, 75, 'Yvelines'),
(1315, 76, 'Cayenne'),
(1316, 76, 'Saint-Laurent-du-Maroni'),
(1317, 77, 'Iles du Vent'),
(1318, 77, 'Iles sous le Vent'),
(1319, 77, 'Marquesas'),
(1320, 77, 'Tuamotu'),
(1321, 77, 'Tubuai'),
(1322, 78, 'Amsterdam'),
(1323, 78, 'Crozet Islands'),
(1324, 78, 'Kerguelen'),
(1325, 79, 'Estuaire'),
(1326, 79, 'Haut-Ogooue'),
(1327, 79, 'Moyen-Ogooue'),
(1328, 79, 'Ngounie'),
(1329, 79, 'Nyanga'),
(1330, 79, 'Ogooue-Ivindo'),
(1331, 79, 'Ogooue-Lolo'),
(1332, 79, 'Ogooue-Maritime'),
(1333, 79, 'Woleu-Ntem'),
(1334, 80, 'Banjul'),
(1335, 80, 'Basse'),
(1336, 80, 'Brikama'),
(1337, 80, 'Janjanbureh'),
(1338, 80, 'Kanifing'),
(1339, 80, 'Kerewan'),
(1340, 80, 'Kuntaur'),
(1341, 80, 'Mansakonko'),
(1342, 81, 'Abhasia'),
(1343, 81, 'Ajaria'),
(1344, 81, 'Guria'),
(1345, 81, 'Imereti'),
(1346, 81, 'Kaheti'),
(1347, 81, 'Kvemo Kartli'),
(1348, 81, 'Mcheta-Mtianeti'),
(1349, 81, 'Racha'),
(1350, 81, 'Samagrelo-Zemo Svaneti'),
(1351, 81, 'Samche-Zhavaheti'),
(1352, 81, 'Shida Kartli'),
(1353, 81, 'Tbilisi'),
(1354, 82, 'Auvergne'),
(1355, 82, 'Baden-Wurttemberg'),
(1356, 82, 'Bavaria'),
(1357, 82, 'Bayern'),
(1358, 82, 'Beilstein Wurtt'),
(1359, 82, 'Berlin'),
(1360, 82, 'Brandenburg'),
(1361, 82, 'Bremen'),
(1362, 82, 'Dreisbach'),
(1363, 82, 'Freistaat Bayern'),
(1364, 82, 'Hamburg'),
(1365, 82, 'Hannover'),
(1366, 82, 'Heroldstatt'),
(1367, 82, 'Hessen'),
(1368, 82, 'Kortenberg'),
(1369, 82, 'Laasdorf'),
(1370, 82, 'Land Baden-Wurttemberg'),
(1371, 82, 'Land Bayern'),
(1372, 82, 'Land Brandenburg'),
(1373, 82, 'Land Hessen'),
(1374, 82, 'Land Mecklenburg-Vorpommern'),
(1375, 82, 'Land Nordrhein-Westfalen'),
(1376, 82, 'Land Rheinland-Pfalz'),
(1377, 82, 'Land Sachsen'),
(1378, 82, 'Land Sachsen-Anhalt'),
(1379, 82, 'Land Thuringen'),
(1380, 82, 'Lower Saxony'),
(1381, 82, 'Mecklenburg-Vorpommern'),
(1382, 82, 'Mulfingen'),
(1383, 82, 'Munich'),
(1384, 82, 'Neubeuern'),
(1385, 82, 'Niedersachsen'),
(1386, 82, 'Noord-Holland'),
(1387, 82, 'Nordrhein-Westfalen'),
(1388, 82, 'North Rhine-Westphalia'),
(1389, 82, 'Osterode'),
(1390, 82, 'Rheinland-Pfalz'),
(1391, 82, 'Rhineland-Palatinate'),
(1392, 82, 'Saarland'),
(1393, 82, 'Sachsen'),
(1394, 82, 'Sachsen-Anhalt'),
(1395, 82, 'Saxony'),
(1396, 82, 'Schleswig-Holstein'),
(1397, 82, 'Thuringia'),
(1398, 82, 'Webling'),
(1399, 82, 'Weinstrabe'),
(1400, 82, 'schlobborn'),
(1401, 83, 'Ashanti'),
(1402, 83, 'Brong-Ahafo'),
(1403, 83, 'Central'),
(1404, 83, 'Eastern'),
(1405, 83, 'Greater Accra'),
(1406, 83, 'Northern'),
(1407, 83, 'Upper East'),
(1408, 83, 'Upper West'),
(1409, 83, 'Volta'),
(1410, 83, 'Western'),
(1411, 84, 'Gibraltar'),
(1412, 85, 'Acharnes'),
(1413, 85, 'Ahaia'),
(1414, 85, 'Aitolia kai Akarnania'),
(1415, 85, 'Argolis'),
(1416, 85, 'Arkadia'),
(1417, 85, 'Arta'),
(1418, 85, 'Attica'),
(1419, 85, 'Attiki'),
(1420, 85, 'Ayion Oros'),
(1421, 85, 'Crete'),
(1422, 85, 'Dodekanisos'),
(1423, 85, 'Drama'),
(1424, 85, 'Evia'),
(1425, 85, 'Evritania'),
(1426, 85, 'Evros'),
(1427, 85, 'Evvoia'),
(1428, 85, 'Florina'),
(1429, 85, 'Fokis'),
(1430, 85, 'Fthiotis'),
(1431, 85, 'Grevena'),
(1432, 85, 'Halandri'),
(1433, 85, 'Halkidiki'),
(1434, 85, 'Hania'),
(1435, 85, 'Heraklion'),
(1436, 85, 'Hios'),
(1437, 85, 'Ilia'),
(1438, 85, 'Imathia'),
(1439, 85, 'Ioannina'),
(1440, 85, 'Iraklion'),
(1441, 85, 'Karditsa'),
(1442, 85, 'Kastoria'),
(1443, 85, 'Kavala'),
(1444, 85, 'Kefallinia'),
(1445, 85, 'Kerkira'),
(1446, 85, 'Kiklades'),
(1447, 85, 'Kilkis'),
(1448, 85, 'Korinthia'),
(1449, 85, 'Kozani'),
(1450, 85, 'Lakonia'),
(1451, 85, 'Larisa'),
(1452, 85, 'Lasithi'),
(1453, 85, 'Lesvos'),
(1454, 85, 'Levkas'),
(1455, 85, 'Magnisia'),
(1456, 85, 'Messinia'),
(1457, 85, 'Nomos Attikis'),
(1458, 85, 'Nomos Zakynthou'),
(1459, 85, 'Pella'),
(1460, 85, 'Pieria'),
(1461, 85, 'Piraios'),
(1462, 85, 'Preveza'),
(1463, 85, 'Rethimni'),
(1464, 85, 'Rodopi'),
(1465, 85, 'Samos'),
(1466, 85, 'Serrai'),
(1467, 85, 'Thesprotia'),
(1468, 85, 'Thessaloniki'),
(1469, 85, 'Trikala'),
(1470, 85, 'Voiotia'),
(1471, 85, 'West Greece'),
(1472, 85, 'Xanthi'),
(1473, 85, 'Zakinthos'),
(1474, 86, 'Aasiaat'),
(1475, 86, 'Ammassalik'),
(1476, 86, 'Illoqqortoormiut'),
(1477, 86, 'Ilulissat'),
(1478, 86, 'Ivittuut'),
(1479, 86, 'Kangaatsiaq'),
(1480, 86, 'Maniitsoq'),
(1481, 86, 'Nanortalik'),
(1482, 86, 'Narsaq'),
(1483, 86, 'Nuuk'),
(1484, 86, 'Paamiut'),
(1485, 86, 'Qaanaaq'),
(1486, 86, 'Qaqortoq'),
(1487, 86, 'Qasigiannguit'),
(1488, 86, 'Qeqertarsuaq'),
(1489, 86, 'Sisimiut'),
(1490, 86, 'Udenfor kommunal inddeling'),
(1491, 86, 'Upernavik'),
(1492, 86, 'Uummannaq'),
(1493, 87, 'Carriacou-Petite Martinique'),
(1494, 87, 'Saint Andrew'),
(1495, 87, 'Saint Davids'),
(1496, 87, 'Saint George\'s'),
(1497, 87, 'Saint John'),
(1498, 87, 'Saint Mark'),
(1499, 87, 'Saint Patrick'),
(1500, 88, 'Basse-Terre'),
(1501, 88, 'Grande-Terre'),
(1502, 88, 'Iles des Saintes'),
(1503, 88, 'La Desirade'),
(1504, 88, 'Marie-Galante'),
(1505, 88, 'Saint Barthelemy'),
(1506, 88, 'Saint Martin'),
(1507, 89, 'Agana Heights'),
(1508, 89, 'Agat'),
(1509, 89, 'Barrigada'),
(1510, 89, 'Chalan-Pago-Ordot'),
(1511, 89, 'Dededo'),
(1512, 89, 'Hagatna'),
(1513, 89, 'Inarajan'),
(1514, 89, 'Mangilao'),
(1515, 89, 'Merizo'),
(1516, 89, 'Mongmong-Toto-Maite'),
(1517, 89, 'Santa Rita'),
(1518, 89, 'Sinajana'),
(1519, 89, 'Talofofo'),
(1520, 89, 'Tamuning'),
(1521, 89, 'Yigo'),
(1522, 89, 'Yona'),
(1523, 90, 'Alta Verapaz'),
(1524, 90, 'Baja Verapaz'),
(1525, 90, 'Chimaltenango'),
(1526, 90, 'Chiquimula'),
(1527, 90, 'El Progreso'),
(1528, 90, 'Escuintla'),
(1529, 90, 'Guatemala'),
(1530, 90, 'Huehuetenango'),
(1531, 90, 'Izabal'),
(1532, 90, 'Jalapa'),
(1533, 90, 'Jutiapa'),
(1534, 90, 'Peten'),
(1535, 90, 'Quezaltenango'),
(1536, 90, 'Quiche'),
(1537, 90, 'Retalhuleu'),
(1538, 90, 'Sacatepequez'),
(1539, 90, 'San Marcos'),
(1540, 90, 'Santa Rosa'),
(1541, 90, 'Solola'),
(1542, 90, 'Suchitepequez'),
(1543, 90, 'Totonicapan'),
(1544, 90, 'Zacapa'),
(1545, 91, 'Alderney'),
(1546, 91, 'Castel'),
(1547, 91, 'Forest'),
(1548, 91, 'Saint Andrew'),
(1549, 91, 'Saint Martin'),
(1550, 91, 'Saint Peter Port'),
(1551, 91, 'Saint Pierre du Bois'),
(1552, 91, 'Saint Sampson'),
(1553, 91, 'Saint Saviour'),
(1554, 91, 'Sark'),
(1555, 91, 'Torteval'),
(1556, 91, 'Vale'),
(1557, 92, 'Beyla'),
(1558, 92, 'Boffa'),
(1559, 92, 'Boke'),
(1560, 92, 'Conakry'),
(1561, 92, 'Coyah'),
(1562, 92, 'Dabola'),
(1563, 92, 'Dalaba'),
(1564, 92, 'Dinguiraye'),
(1565, 92, 'Faranah'),
(1566, 92, 'Forecariah'),
(1567, 92, 'Fria'),
(1568, 92, 'Gaoual'),
(1569, 92, 'Gueckedou'),
(1570, 92, 'Kankan'),
(1571, 92, 'Kerouane'),
(1572, 92, 'Kindia'),
(1573, 92, 'Kissidougou'),
(1574, 92, 'Koubia'),
(1575, 92, 'Koundara'),
(1576, 92, 'Kouroussa'),
(1577, 92, 'Labe'),
(1578, 92, 'Lola'),
(1579, 92, 'Macenta'),
(1580, 92, 'Mali'),
(1581, 92, 'Mamou'),
(1582, 92, 'Mandiana'),
(1583, 92, 'Nzerekore'),
(1584, 92, 'Pita'),
(1585, 92, 'Siguiri'),
(1586, 92, 'Telimele'),
(1587, 92, 'Tougue'),
(1588, 92, 'Yomou'),
(1589, 93, 'Bafata'),
(1590, 93, 'Bissau'),
(1591, 93, 'Bolama'),
(1592, 93, 'Cacheu'),
(1593, 93, 'Gabu'),
(1594, 93, 'Oio'),
(1595, 93, 'Quinara'),
(1596, 93, 'Tombali'),
(1597, 94, 'Barima-Waini'),
(1598, 94, 'Cuyuni-Mazaruni'),
(1599, 94, 'Demerara-Mahaica'),
(1600, 94, 'East Berbice-Corentyne'),
(1601, 94, 'Essequibo Islands-West Demerar'),
(1602, 94, 'Mahaica-Berbice'),
(1603, 94, 'Pomeroon-Supenaam'),
(1604, 94, 'Potaro-Siparuni'),
(1605, 94, 'Upper Demerara-Berbice'),
(1606, 94, 'Upper Takutu-Upper Essequibo'),
(1607, 95, 'Artibonite'),
(1608, 95, 'Centre'),
(1609, 95, 'Grand\'Anse'),
(1610, 95, 'Nord'),
(1611, 95, 'Nord-Est'),
(1612, 95, 'Nord-Ouest'),
(1613, 95, 'Ouest'),
(1614, 95, 'Sud'),
(1615, 95, 'Sud-Est'),
(1616, 96, 'Heard and McDonald Islands'),
(1617, 97, 'Atlantida'),
(1618, 97, 'Choluteca'),
(1619, 97, 'Colon'),
(1620, 97, 'Comayagua'),
(1621, 97, 'Copan'),
(1622, 97, 'Cortes'),
(1623, 97, 'Distrito Central'),
(1624, 97, 'El Paraiso'),
(1625, 97, 'Francisco Morazan'),
(1626, 97, 'Gracias a Dios'),
(1627, 97, 'Intibuca'),
(1628, 97, 'Islas de la Bahia'),
(1629, 97, 'La Paz'),
(1630, 97, 'Lempira'),
(1631, 97, 'Ocotepeque'),
(1632, 97, 'Olancho'),
(1633, 97, 'Santa Barbara'),
(1634, 97, 'Valle'),
(1635, 97, 'Yoro'),
(1636, 98, 'Hong Kong'),
(1637, 99, 'Bacs-Kiskun'),
(1638, 99, 'Baranya'),
(1639, 99, 'Bekes'),
(1640, 99, 'Borsod-Abauj-Zemplen'),
(1641, 99, 'Budapest'),
(1642, 99, 'Csongrad'),
(1643, 99, 'Fejer'),
(1644, 99, 'Gyor-Moson-Sopron'),
(1645, 99, 'Hajdu-Bihar'),
(1646, 99, 'Heves'),
(1647, 99, 'Jasz-Nagykun-Szolnok'),
(1648, 99, 'Komarom-Esztergom'),
(1649, 99, 'Nograd'),
(1650, 99, 'Pest'),
(1651, 99, 'Somogy'),
(1652, 99, 'Szabolcs-Szatmar-Bereg'),
(1653, 99, 'Tolna'),
(1654, 99, 'Vas'),
(1655, 99, 'Veszprem'),
(1656, 99, 'Zala'),
(1657, 100, 'Austurland'),
(1658, 100, 'Gullbringusysla'),
(1659, 100, 'Hofu borgarsva i'),
(1660, 100, 'Nor urland eystra'),
(1661, 100, 'Nor urland vestra'),
(1662, 100, 'Su urland'),
(1663, 100, 'Su urnes'),
(1664, 100, 'Vestfir ir'),
(1665, 100, 'Vesturland'),
(1666, 102, 'Aceh'),
(1667, 102, 'Bali'),
(1668, 102, 'Bangka-Belitung'),
(1669, 102, 'Banten'),
(1670, 102, 'Bengkulu'),
(1671, 102, 'Gandaria'),
(1672, 102, 'Gorontalo'),
(1673, 102, 'Jakarta'),
(1674, 102, 'Jambi'),
(1675, 102, 'Jawa Barat'),
(1676, 102, 'Jawa Tengah'),
(1677, 102, 'Jawa Timur'),
(1678, 102, 'Kalimantan Barat'),
(1679, 102, 'Kalimantan Selatan'),
(1680, 102, 'Kalimantan Tengah'),
(1681, 102, 'Kalimantan Timur'),
(1682, 102, 'Kendal'),
(1683, 102, 'Lampung'),
(1684, 102, 'Maluku'),
(1685, 102, 'Maluku Utara'),
(1686, 102, 'Nusa Tenggara Barat'),
(1687, 102, 'Nusa Tenggara Timur'),
(1688, 102, 'Papua'),
(1689, 102, 'Riau'),
(1690, 102, 'Riau Kepulauan'),
(1691, 102, 'Solo'),
(1692, 102, 'Sulawesi Selatan'),
(1693, 102, 'Sulawesi Tengah'),
(1694, 102, 'Sulawesi Tenggara'),
(1695, 102, 'Sulawesi Utara'),
(1696, 102, 'Sumatera Barat'),
(1697, 102, 'Sumatera Selatan'),
(1698, 102, 'Sumatera Utara'),
(1699, 102, 'Yogyakarta'),
(1700, 103, 'Ardabil'),
(1701, 103, 'Azarbayjan-e Bakhtari'),
(1702, 103, 'Azarbayjan-e Khavari'),
(1703, 103, 'Bushehr'),
(1704, 103, 'Chahar Mahal-e Bakhtiari'),
(1705, 103, 'Esfahan'),
(1706, 103, 'Fars'),
(1707, 103, 'Gilan'),
(1708, 103, 'Golestan'),
(1709, 103, 'Hamadan'),
(1710, 103, 'Hormozgan'),
(1711, 103, 'Ilam'),
(1712, 103, 'Kerman'),
(1713, 103, 'Kermanshah'),
(1714, 103, 'Khorasan'),
(1715, 103, 'Khuzestan'),
(1716, 103, 'Kohgiluyeh-e Boyerahmad'),
(1717, 103, 'Kordestan'),
(1718, 103, 'Lorestan'),
(1719, 103, 'Markazi'),
(1720, 103, 'Mazandaran'),
(1721, 103, 'Ostan-e Esfahan'),
(1722, 103, 'Qazvin'),
(1723, 103, 'Qom'),
(1724, 103, 'Semnan'),
(1725, 103, 'Sistan-e Baluchestan'),
(1726, 103, 'Tehran'),
(1727, 103, 'Yazd'),
(1728, 103, 'Zanjan'),
(1729, 104, 'Babil'),
(1730, 104, 'Baghdad'),
(1731, 104, 'Dahuk'),
(1732, 104, 'Dhi Qar'),
(1733, 104, 'Diyala'),
(1734, 104, 'Erbil'),
(1735, 104, 'Irbil'),
(1736, 104, 'Karbala'),
(1737, 104, 'Kurdistan'),
(1738, 104, 'Maysan'),
(1739, 104, 'Ninawa'),
(1740, 104, 'Salah-ad-Din'),
(1741, 104, 'Wasit'),
(1742, 104, 'al-Anbar'),
(1743, 104, 'al-Basrah'),
(1744, 104, 'al-Muthanna'),
(1745, 104, 'al-Qadisiyah'),
(1746, 104, 'an-Najaf'),
(1747, 104, 'as-Sulaymaniyah'),
(1748, 104, 'at-Ta\'mim'),
(1749, 105, 'Armagh'),
(1750, 105, 'Carlow'),
(1751, 105, 'Cavan'),
(1752, 105, 'Clare'),
(1753, 105, 'Cork'),
(1754, 105, 'Donegal'),
(1755, 105, 'Dublin'),
(1756, 105, 'Galway'),
(1757, 105, 'Kerry'),
(1758, 105, 'Kildare'),
(1759, 105, 'Kilkenny'),
(1760, 105, 'Laois'),
(1761, 105, 'Leinster'),
(1762, 105, 'Leitrim'),
(1763, 105, 'Limerick'),
(1764, 105, 'Loch Garman'),
(1765, 105, 'Longford'),
(1766, 105, 'Louth'),
(1767, 105, 'Mayo'),
(1768, 105, 'Meath'),
(1769, 105, 'Monaghan'),
(1770, 105, 'Offaly'),
(1771, 105, 'Roscommon'),
(1772, 105, 'Sligo'),
(1773, 105, 'Tipperary North Riding'),
(1774, 105, 'Tipperary South Riding'),
(1775, 105, 'Ulster'),
(1776, 105, 'Waterford'),
(1777, 105, 'Westmeath'),
(1778, 105, 'Wexford'),
(1779, 105, 'Wicklow'),
(1780, 106, 'Beit Hanania'),
(1781, 106, 'Ben Gurion Airport'),
(1782, 106, 'Bethlehem'),
(1783, 106, 'Caesarea'),
(1784, 106, 'Centre'),
(1785, 106, 'Gaza'),
(1786, 106, 'Hadaron'),
(1787, 106, 'Haifa District'),
(1788, 106, 'Hamerkaz'),
(1789, 106, 'Hazafon'),
(1790, 106, 'Hebron'),
(1791, 106, 'Jaffa'),
(1792, 106, 'Jerusalem'),
(1793, 106, 'Khefa'),
(1794, 106, 'Kiryat Yam'),
(1795, 106, 'Lower Galilee'),
(1796, 106, 'Qalqilya'),
(1797, 106, 'Talme Elazar'),
(1798, 106, 'Tel Aviv'),
(1799, 106, 'Tsafon'),
(1800, 106, 'Umm El Fahem'),
(1801, 106, 'Yerushalayim'),
(1802, 107, 'Abruzzi'),
(1803, 107, 'Abruzzo'),
(1804, 107, 'Agrigento'),
(1805, 107, 'Alessandria'),
(1806, 107, 'Ancona'),
(1807, 107, 'Arezzo'),
(1808, 107, 'Ascoli Piceno'),
(1809, 107, 'Asti'),
(1810, 107, 'Avellino'),
(1811, 107, 'Bari'),
(1812, 107, 'Basilicata'),
(1813, 107, 'Belluno'),
(1814, 107, 'Benevento'),
(1815, 107, 'Bergamo'),
(1816, 107, 'Biella'),
(1817, 107, 'Bologna'),
(1818, 107, 'Bolzano'),
(1819, 107, 'Brescia'),
(1820, 107, 'Brindisi'),
(1821, 107, 'Calabria'),
(1822, 107, 'Campania'),
(1823, 107, 'Cartoceto'),
(1824, 107, 'Caserta'),
(1825, 107, 'Catania'),
(1826, 107, 'Chieti'),
(1827, 107, 'Como'),
(1828, 107, 'Cosenza'),
(1829, 107, 'Cremona'),
(1830, 107, 'Cuneo'),
(1831, 107, 'Emilia-Romagna'),
(1832, 107, 'Ferrara'),
(1833, 107, 'Firenze'),
(1834, 107, 'Florence'),
(1835, 107, 'Forli-Cesena '),
(1836, 107, 'Friuli-Venezia Giulia'),
(1837, 107, 'Frosinone'),
(1838, 107, 'Genoa'),
(1839, 107, 'Gorizia'),
(1840, 107, 'L\'Aquila'),
(1841, 107, 'Lazio'),
(1842, 107, 'Lecce'),
(1843, 107, 'Lecco'),
(1844, 107, 'Lecco Province'),
(1845, 107, 'Liguria'),
(1846, 107, 'Lodi'),
(1847, 107, 'Lombardia'),
(1848, 107, 'Lombardy'),
(1849, 107, 'Macerata'),
(1850, 107, 'Mantova'),
(1851, 107, 'Marche'),
(1852, 107, 'Messina'),
(1853, 107, 'Milan'),
(1854, 107, 'Modena'),
(1855, 107, 'Molise'),
(1856, 107, 'Molteno'),
(1857, 107, 'Montenegro'),
(1858, 107, 'Monza and Brianza'),
(1859, 107, 'Naples'),
(1860, 107, 'Novara'),
(1861, 107, 'Padova'),
(1862, 107, 'Parma'),
(1863, 107, 'Pavia'),
(1864, 107, 'Perugia'),
(1865, 107, 'Pesaro-Urbino'),
(1866, 107, 'Piacenza'),
(1867, 107, 'Piedmont'),
(1868, 107, 'Piemonte'),
(1869, 107, 'Pisa'),
(1870, 107, 'Pordenone'),
(1871, 107, 'Potenza'),
(1872, 107, 'Puglia'),
(1873, 107, 'Reggio Emilia'),
(1874, 107, 'Rimini'),
(1875, 107, 'Roma'),
(1876, 107, 'Salerno'),
(1877, 107, 'Sardegna'),
(1878, 107, 'Sassari'),
(1879, 107, 'Savona'),
(1880, 107, 'Sicilia'),
(1881, 107, 'Siena'),
(1882, 107, 'Sondrio'),
(1883, 107, 'South Tyrol'),
(1884, 107, 'Taranto'),
(1885, 107, 'Teramo'),
(1886, 107, 'Torino'),
(1887, 107, 'Toscana'),
(1888, 107, 'Trapani'),
(1889, 107, 'Trentino-Alto Adige'),
(1890, 107, 'Trento'),
(1891, 107, 'Treviso'),
(1892, 107, 'Udine'),
(1893, 107, 'Umbria'),
(1894, 107, 'Valle d\'Aosta'),
(1895, 107, 'Varese'),
(1896, 107, 'Veneto'),
(1897, 107, 'Venezia'),
(1898, 107, 'Verbano-Cusio-Ossola'),
(1899, 107, 'Vercelli'),
(1900, 107, 'Verona'),
(1901, 107, 'Vicenza'),
(1902, 107, 'Viterbo'),
(1903, 108, 'Buxoro Viloyati'),
(1904, 108, 'Clarendon'),
(1905, 108, 'Hanover'),
(1906, 108, 'Kingston'),
(1907, 108, 'Manchester'),
(1908, 108, 'Portland'),
(1909, 108, 'Saint Andrews'),
(1910, 108, 'Saint Ann'),
(1911, 108, 'Saint Catherine'),
(1912, 108, 'Saint Elizabeth'),
(1913, 108, 'Saint James'),
(1914, 108, 'Saint Mary'),
(1915, 108, 'Saint Thomas'),
(1916, 108, 'Trelawney'),
(1917, 108, 'Westmoreland'),
(1918, 109, 'Aichi'),
(1919, 109, 'Akita'),
(1920, 109, 'Aomori'),
(1921, 109, 'Chiba'),
(1922, 109, 'Ehime'),
(1923, 109, 'Fukui'),
(1924, 109, 'Fukuoka'),
(1925, 109, 'Fukushima'),
(1926, 109, 'Gifu'),
(1927, 109, 'Gumma'),
(1928, 109, 'Hiroshima'),
(1929, 109, 'Hokkaido'),
(1930, 109, 'Hyogo'),
(1931, 109, 'Ibaraki'),
(1932, 109, 'Ishikawa'),
(1933, 109, 'Iwate'),
(1934, 109, 'Kagawa'),
(1935, 109, 'Kagoshima'),
(1936, 109, 'Kanagawa'),
(1937, 109, 'Kanto'),
(1938, 109, 'Kochi'),
(1939, 109, 'Kumamoto'),
(1940, 109, 'Kyoto'),
(1941, 109, 'Mie'),
(1942, 109, 'Miyagi'),
(1943, 109, 'Miyazaki'),
(1944, 109, 'Nagano'),
(1945, 109, 'Nagasaki'),
(1946, 109, 'Nara'),
(1947, 109, 'Niigata'),
(1948, 109, 'Oita'),
(1949, 109, 'Okayama'),
(1950, 109, 'Okinawa'),
(1951, 109, 'Osaka'),
(1952, 109, 'Saga'),
(1953, 109, 'Saitama'),
(1954, 109, 'Shiga'),
(1955, 109, 'Shimane'),
(1956, 109, 'Shizuoka'),
(1957, 109, 'Tochigi'),
(1958, 109, 'Tokushima'),
(1959, 109, 'Tokyo'),
(1960, 109, 'Tottori'),
(1961, 109, 'Toyama'),
(1962, 109, 'Wakayama'),
(1963, 109, 'Yamagata'),
(1964, 109, 'Yamaguchi'),
(1965, 109, 'Yamanashi'),
(1966, 110, 'Grouville'),
(1967, 110, 'Saint Brelade'),
(1968, 110, 'Saint Clement'),
(1969, 110, 'Saint Helier'),
(1970, 110, 'Saint John'),
(1971, 110, 'Saint Lawrence'),
(1972, 110, 'Saint Martin'),
(1973, 110, 'Saint Mary'),
(1974, 110, 'Saint Peter'),
(1975, 110, 'Saint Saviour'),
(1976, 110, 'Trinity'),
(1977, 111, '\'Ajlun'),
(1978, 111, 'Amman'),
(1979, 111, 'Irbid'),
(1980, 111, 'Jarash'),
(1981, 111, 'Ma\'an'),
(1982, 111, 'Madaba'),
(1983, 111, 'al-\'Aqabah'),
(1984, 111, 'al-Balqa\''),
(1985, 111, 'al-Karak'),
(1986, 111, 'al-Mafraq'),
(1987, 111, 'at-Tafilah'),
(1988, 111, 'az-Zarqa\''),
(1989, 112, 'Akmecet'),
(1990, 112, 'Akmola'),
(1991, 112, 'Aktobe'),
(1992, 112, 'Almati'),
(1993, 112, 'Atirau'),
(1994, 112, 'Batis Kazakstan'),
(1995, 112, 'Burlinsky Region'),
(1996, 112, 'Karagandi'),
(1997, 112, 'Kostanay'),
(1998, 112, 'Mankistau'),
(1999, 112, 'Ontustik Kazakstan'),
(2000, 112, 'Pavlodar'),
(2001, 112, 'Sigis Kazakstan'),
(2002, 112, 'Soltustik Kazakstan'),
(2003, 112, 'Taraz'),
(2004, 113, 'Central'),
(2005, 113, 'Coast'),
(2006, 113, 'Eastern'),
(2007, 113, 'Nairobi'),
(2008, 113, 'North Eastern'),
(2009, 113, 'Nyanza'),
(2010, 113, 'Rift Valley'),
(2011, 113, 'Western'),
(2012, 114, 'Abaiang'),
(2013, 114, 'Abemana'),
(2014, 114, 'Aranuka'),
(2015, 114, 'Arorae'),
(2016, 114, 'Banaba'),
(2017, 114, 'Beru'),
(2018, 114, 'Butaritari'),
(2019, 114, 'Kiritimati'),
(2020, 114, 'Kuria'),
(2021, 114, 'Maiana'),
(2022, 114, 'Makin'),
(2023, 114, 'Marakei'),
(2024, 114, 'Nikunau'),
(2025, 114, 'Nonouti'),
(2026, 114, 'Onotoa'),
(2027, 114, 'Phoenix Islands'),
(2028, 114, 'Tabiteuea North'),
(2029, 114, 'Tabiteuea South'),
(2030, 114, 'Tabuaeran'),
(2031, 114, 'Tamana'),
(2032, 114, 'Tarawa North'),
(2033, 114, 'Tarawa South'),
(2034, 114, 'Teraina'),
(2035, 115, 'Chagangdo'),
(2036, 115, 'Hamgyeongbukto'),
(2037, 115, 'Hamgyeongnamdo'),
(2038, 115, 'Hwanghaebukto'),
(2039, 115, 'Hwanghaenamdo'),
(2040, 115, 'Kaeseong'),
(2041, 115, 'Kangweon'),
(2042, 115, 'Nampo'),
(2043, 115, 'Pyeonganbukto'),
(2044, 115, 'Pyeongannamdo'),
(2045, 115, 'Pyeongyang'),
(2046, 115, 'Yanggang'),
(2047, 116, 'Busan'),
(2048, 116, 'Cheju'),
(2049, 116, 'Chollabuk'),
(2050, 116, 'Chollanam'),
(2051, 116, 'Chungbuk'),
(2052, 116, 'Chungcheongbuk'),
(2053, 116, 'Chungcheongnam'),
(2054, 116, 'Chungnam'),
(2055, 116, 'Daegu'),
(2056, 116, 'Gangwon-do'),
(2057, 116, 'Goyang-si'),
(2058, 116, 'Gyeonggi-do'),
(2059, 116, 'Gyeongsang '),
(2060, 116, 'Gyeongsangnam-do'),
(2061, 116, 'Incheon'),
(2062, 116, 'Jeju-Si'),
(2063, 116, 'Jeonbuk'),
(2064, 116, 'Kangweon'),
(2065, 116, 'Kwangju'),
(2066, 116, 'Kyeonggi'),
(2067, 116, 'Kyeongsangbuk'),
(2068, 116, 'Kyeongsangnam'),
(2069, 116, 'Kyonggi-do'),
(2070, 116, 'Kyungbuk-Do'),
(2071, 116, 'Kyunggi-Do'),
(2072, 116, 'Kyunggi-do'),
(2073, 116, 'Pusan'),
(2074, 116, 'Seoul'),
(2075, 116, 'Sudogwon'),
(2076, 116, 'Taegu'),
(2077, 116, 'Taejeon'),
(2078, 116, 'Taejon-gwangyoksi'),
(2079, 116, 'Ulsan'),
(2080, 116, 'Wonju'),
(2081, 116, 'gwangyoksi'),
(2082, 117, 'Al Asimah'),
(2083, 117, 'Hawalli'),
(2084, 117, 'Mishref'),
(2085, 117, 'Qadesiya'),
(2086, 117, 'Safat'),
(2087, 117, 'Salmiya'),
(2088, 117, 'al-Ahmadi'),
(2089, 117, 'al-Farwaniyah'),
(2090, 117, 'al-Jahra'),
(2091, 117, 'al-Kuwayt'),
(2092, 118, 'Batken'),
(2093, 118, 'Bishkek'),
(2094, 118, 'Chui'),
(2095, 118, 'Issyk-Kul'),
(2096, 118, 'Jalal-Abad'),
(2097, 118, 'Naryn'),
(2098, 118, 'Osh'),
(2099, 118, 'Talas'),
(2100, 119, 'Attopu'),
(2101, 119, 'Bokeo'),
(2102, 119, 'Bolikhamsay'),
(2103, 119, 'Champasak'),
(2104, 119, 'Houaphanh'),
(2105, 119, 'Khammouane'),
(2106, 119, 'Luang Nam Tha'),
(2107, 119, 'Luang Prabang'),
(2108, 119, 'Oudomxay'),
(2109, 119, 'Phongsaly'),
(2110, 119, 'Saravan'),
(2111, 119, 'Savannakhet'),
(2112, 119, 'Sekong'),
(2113, 119, 'Viangchan Prefecture'),
(2114, 119, 'Viangchan Province'),
(2115, 119, 'Xaignabury'),
(2116, 119, 'Xiang Khuang'),
(2117, 120, 'Aizkraukles'),
(2118, 120, 'Aluksnes'),
(2119, 120, 'Balvu'),
(2120, 120, 'Bauskas'),
(2121, 120, 'Cesu'),
(2122, 120, 'Daugavpils'),
(2123, 120, 'Daugavpils City'),
(2124, 120, 'Dobeles'),
(2125, 120, 'Gulbenes'),
(2126, 120, 'Jekabspils'),
(2127, 120, 'Jelgava'),
(2128, 120, 'Jelgavas'),
(2129, 120, 'Jurmala City'),
(2130, 120, 'Kraslavas'),
(2131, 120, 'Kuldigas'),
(2132, 120, 'Liepaja'),
(2133, 120, 'Liepajas'),
(2134, 120, 'Limbazhu'),
(2135, 120, 'Ludzas'),
(2136, 120, 'Madonas'),
(2137, 120, 'Ogres'),
(2138, 120, 'Preilu'),
(2139, 120, 'Rezekne'),
(2140, 120, 'Rezeknes'),
(2141, 120, 'Riga'),
(2142, 120, 'Rigas'),
(2143, 120, 'Saldus'),
(2144, 120, 'Talsu'),
(2145, 120, 'Tukuma'),
(2146, 120, 'Valkas'),
(2147, 120, 'Valmieras'),
(2148, 120, 'Ventspils'),
(2149, 120, 'Ventspils City'),
(2150, 121, 'Beirut'),
(2151, 121, 'Jabal Lubnan'),
(2152, 121, 'Mohafazat Liban-Nord'),
(2153, 121, 'Mohafazat Mont-Liban'),
(2154, 121, 'Sidon'),
(2155, 121, 'al-Biqa'),
(2156, 121, 'al-Janub'),
(2157, 121, 'an-Nabatiyah'),
(2158, 121, 'ash-Shamal'),
(2159, 122, 'Berea'),
(2160, 122, 'Butha-Buthe'),
(2161, 122, 'Leribe'),
(2162, 122, 'Mafeteng'),
(2163, 122, 'Maseru'),
(2164, 122, 'Mohale\'s Hoek'),
(2165, 122, 'Mokhotlong'),
(2166, 122, 'Qacha\'s Nek'),
(2167, 122, 'Quthing'),
(2168, 122, 'Thaba-Tseka'),
(2169, 123, 'Bomi'),
(2170, 123, 'Bong'),
(2171, 123, 'Grand Bassa'),
(2172, 123, 'Grand Cape Mount'),
(2173, 123, 'Grand Gedeh'),
(2174, 123, 'Loffa'),
(2175, 123, 'Margibi'),
(2176, 123, 'Maryland and Grand Kru'),
(2177, 123, 'Montserrado'),
(2178, 123, 'Nimba'),
(2179, 123, 'Rivercess'),
(2180, 123, 'Sinoe'),
(2181, 124, 'Ajdabiya');
INSERT INTO `states` (`id`, `country_id`, `name`) VALUES
(2183, 124, 'Banghazi'),
(2184, 124, 'Darnah'),
(2185, 124, 'Ghadamis'),
(2186, 124, 'Gharyan'),
(2187, 124, 'Misratah'),
(2188, 124, 'Murzuq'),
(2189, 124, 'Sabha'),
(2190, 124, 'Sawfajjin'),
(2191, 124, 'Surt'),
(2192, 124, 'Tarabulus'),
(2193, 124, 'Tarhunah'),
(2194, 124, 'Tripolitania'),
(2195, 124, 'Tubruq'),
(2196, 124, 'Yafran'),
(2197, 124, 'Zlitan'),
(2198, 124, 'al-\'Aziziyah'),
(2199, 124, 'al-Fatih'),
(2200, 124, 'al-Jabal al Akhdar'),
(2201, 124, 'al-Jufrah'),
(2202, 124, 'al-Khums'),
(2203, 124, 'al-Kufrah'),
(2204, 124, 'an-Nuqat al-Khams'),
(2205, 124, 'ash-Shati\''),
(2206, 124, 'az-Zawiyah'),
(2207, 125, 'Balzers'),
(2208, 125, 'Eschen'),
(2209, 125, 'Gamprin'),
(2210, 125, 'Mauren'),
(2211, 125, 'Planken'),
(2212, 125, 'Ruggell'),
(2213, 125, 'Schaan'),
(2214, 125, 'Schellenberg'),
(2215, 125, 'Triesen'),
(2216, 125, 'Triesenberg'),
(2217, 125, 'Vaduz'),
(2218, 126, 'Alytaus'),
(2219, 126, 'Anyksciai'),
(2220, 126, 'Kauno'),
(2221, 126, 'Klaipedos'),
(2222, 126, 'Marijampoles'),
(2223, 126, 'Panevezhio'),
(2224, 126, 'Panevezys'),
(2225, 126, 'Shiauliu'),
(2226, 126, 'Taurages'),
(2227, 126, 'Telshiu'),
(2228, 126, 'Telsiai'),
(2229, 126, 'Utenos'),
(2230, 126, 'Vilniaus'),
(2231, 127, 'Capellen'),
(2232, 127, 'Clervaux'),
(2233, 127, 'Diekirch'),
(2234, 127, 'Echternach'),
(2235, 127, 'Esch-sur-Alzette'),
(2236, 127, 'Grevenmacher'),
(2237, 127, 'Luxembourg'),
(2238, 127, 'Mersch'),
(2239, 127, 'Redange'),
(2240, 127, 'Remich'),
(2241, 127, 'Vianden'),
(2242, 127, 'Wiltz'),
(2243, 128, 'Macau'),
(2244, 129, 'Berovo'),
(2245, 129, 'Bitola'),
(2246, 129, 'Brod'),
(2247, 129, 'Debar'),
(2248, 129, 'Delchevo'),
(2249, 129, 'Demir Hisar'),
(2250, 129, 'Gevgelija'),
(2251, 129, 'Gostivar'),
(2252, 129, 'Kavadarci'),
(2253, 129, 'Kichevo'),
(2254, 129, 'Kochani'),
(2255, 129, 'Kratovo'),
(2256, 129, 'Kriva Palanka'),
(2257, 129, 'Krushevo'),
(2258, 129, 'Kumanovo'),
(2259, 129, 'Negotino'),
(2260, 129, 'Ohrid'),
(2261, 129, 'Prilep'),
(2262, 129, 'Probishtip'),
(2263, 129, 'Radovish'),
(2264, 129, 'Resen'),
(2265, 129, 'Shtip'),
(2266, 129, 'Skopje'),
(2267, 129, 'Struga'),
(2268, 129, 'Strumica'),
(2269, 129, 'Sveti Nikole'),
(2270, 129, 'Tetovo'),
(2271, 129, 'Valandovo'),
(2272, 129, 'Veles'),
(2273, 129, 'Vinica'),
(2274, 130, 'Antananarivo'),
(2275, 130, 'Antsiranana'),
(2276, 130, 'Fianarantsoa'),
(2277, 130, 'Mahajanga'),
(2278, 130, 'Toamasina'),
(2279, 130, 'Toliary'),
(2280, 131, 'Balaka'),
(2281, 131, 'Blantyre City'),
(2282, 131, 'Chikwawa'),
(2283, 131, 'Chiradzulu'),
(2284, 131, 'Chitipa'),
(2285, 131, 'Dedza'),
(2286, 131, 'Dowa'),
(2287, 131, 'Karonga'),
(2288, 131, 'Kasungu'),
(2289, 131, 'Lilongwe City'),
(2290, 131, 'Machinga'),
(2291, 131, 'Mangochi'),
(2292, 131, 'Mchinji'),
(2293, 131, 'Mulanje'),
(2294, 131, 'Mwanza'),
(2295, 131, 'Mzimba'),
(2296, 131, 'Mzuzu City'),
(2297, 131, 'Nkhata Bay'),
(2298, 131, 'Nkhotakota'),
(2299, 131, 'Nsanje'),
(2300, 131, 'Ntcheu'),
(2301, 131, 'Ntchisi'),
(2302, 131, 'Phalombe'),
(2303, 131, 'Rumphi'),
(2304, 131, 'Salima'),
(2305, 131, 'Thyolo'),
(2306, 131, 'Zomba Municipality'),
(2307, 132, 'Johor'),
(2308, 132, 'Kedah'),
(2309, 132, 'Kelantan'),
(2310, 132, 'Kuala Lumpur'),
(2311, 132, 'Labuan'),
(2312, 132, 'Melaka'),
(2313, 132, 'Negeri Johor'),
(2314, 132, 'Negeri Sembilan'),
(2315, 132, 'Pahang'),
(2316, 132, 'Penang'),
(2317, 132, 'Perak'),
(2318, 132, 'Perlis'),
(2319, 132, 'Pulau Pinang'),
(2320, 132, 'Sabah'),
(2321, 132, 'Sarawak'),
(2322, 132, 'Selangor'),
(2323, 132, 'Sembilan'),
(2324, 132, 'Terengganu'),
(2325, 133, 'Alif Alif'),
(2326, 133, 'Alif Dhaal'),
(2327, 133, 'Baa'),
(2328, 133, 'Dhaal'),
(2329, 133, 'Faaf'),
(2330, 133, 'Gaaf Alif'),
(2331, 133, 'Gaaf Dhaal'),
(2332, 133, 'Ghaviyani'),
(2333, 133, 'Haa Alif'),
(2334, 133, 'Haa Dhaal'),
(2335, 133, 'Kaaf'),
(2336, 133, 'Laam'),
(2337, 133, 'Lhaviyani'),
(2338, 133, 'Male'),
(2339, 133, 'Miim'),
(2340, 133, 'Nuun'),
(2341, 133, 'Raa'),
(2342, 133, 'Shaviyani'),
(2343, 133, 'Siin'),
(2344, 133, 'Thaa'),
(2345, 133, 'Vaav'),
(2346, 134, 'Bamako'),
(2347, 134, 'Gao'),
(2348, 134, 'Kayes'),
(2349, 134, 'Kidal'),
(2350, 134, 'Koulikoro'),
(2351, 134, 'Mopti'),
(2352, 134, 'Segou'),
(2353, 134, 'Sikasso'),
(2354, 134, 'Tombouctou'),
(2355, 135, 'Gozo and Comino'),
(2356, 135, 'Inner Harbour'),
(2357, 135, 'Northern'),
(2358, 135, 'Outer Harbour'),
(2359, 135, 'South Eastern'),
(2360, 135, 'Valletta'),
(2361, 135, 'Western'),
(2362, 136, 'Castletown'),
(2363, 136, 'Douglas'),
(2364, 136, 'Laxey'),
(2365, 136, 'Onchan'),
(2366, 136, 'Peel'),
(2367, 136, 'Port Erin'),
(2368, 136, 'Port Saint Mary'),
(2369, 136, 'Ramsey'),
(2370, 137, 'Ailinlaplap'),
(2371, 137, 'Ailuk'),
(2372, 137, 'Arno'),
(2373, 137, 'Aur'),
(2374, 137, 'Bikini'),
(2375, 137, 'Ebon'),
(2376, 137, 'Enewetak'),
(2377, 137, 'Jabat'),
(2378, 137, 'Jaluit'),
(2379, 137, 'Kili'),
(2380, 137, 'Kwajalein'),
(2381, 137, 'Lae'),
(2382, 137, 'Lib'),
(2383, 137, 'Likiep'),
(2384, 137, 'Majuro'),
(2385, 137, 'Maloelap'),
(2386, 137, 'Mejit'),
(2387, 137, 'Mili'),
(2388, 137, 'Namorik'),
(2389, 137, 'Namu'),
(2390, 137, 'Rongelap'),
(2391, 137, 'Ujae'),
(2392, 137, 'Utrik'),
(2393, 137, 'Wotho'),
(2394, 137, 'Wotje'),
(2395, 138, 'Fort-de-France'),
(2396, 138, 'La Trinite'),
(2397, 138, 'Le Marin'),
(2398, 138, 'Saint-Pierre'),
(2399, 139, 'Adrar'),
(2400, 139, 'Assaba'),
(2401, 139, 'Brakna'),
(2402, 139, 'Dhakhlat Nawadibu'),
(2403, 139, 'Hudh-al-Gharbi'),
(2404, 139, 'Hudh-ash-Sharqi'),
(2405, 139, 'Inshiri'),
(2406, 139, 'Nawakshut'),
(2407, 139, 'Qidimagha'),
(2408, 139, 'Qurqul'),
(2409, 139, 'Taqant'),
(2410, 139, 'Tiris Zammur'),
(2411, 139, 'Trarza'),
(2412, 140, 'Black River'),
(2413, 140, 'Eau Coulee'),
(2414, 140, 'Flacq'),
(2415, 140, 'Floreal'),
(2416, 140, 'Grand Port'),
(2417, 140, 'Moka'),
(2418, 140, 'Pamplempousses'),
(2419, 140, 'Plaines Wilhelm'),
(2420, 140, 'Port Louis'),
(2421, 140, 'Riviere du Rempart'),
(2422, 140, 'Rodrigues'),
(2423, 140, 'Rose Hill'),
(2424, 140, 'Savanne'),
(2425, 141, 'Mayotte'),
(2426, 141, 'Pamanzi'),
(2427, 142, 'Aguascalientes'),
(2428, 142, 'Baja California'),
(2429, 142, 'Baja California Sur'),
(2430, 142, 'Campeche'),
(2431, 142, 'Chiapas'),
(2432, 142, 'Chihuahua'),
(2433, 142, 'Coahuila'),
(2434, 142, 'Colima'),
(2435, 142, 'Distrito Federal'),
(2436, 142, 'Durango'),
(2437, 142, 'Estado de Mexico'),
(2438, 142, 'Guanajuato'),
(2439, 142, 'Guerrero'),
(2440, 142, 'Hidalgo'),
(2441, 142, 'Jalisco'),
(2442, 142, 'Mexico'),
(2443, 142, 'Michoacan'),
(2444, 142, 'Morelos'),
(2445, 142, 'Nayarit'),
(2446, 142, 'Nuevo Leon'),
(2447, 142, 'Oaxaca'),
(2448, 142, 'Puebla'),
(2449, 142, 'Queretaro'),
(2450, 142, 'Quintana Roo'),
(2451, 142, 'San Luis Potosi'),
(2452, 142, 'Sinaloa'),
(2453, 142, 'Sonora'),
(2454, 142, 'Tabasco'),
(2455, 142, 'Tamaulipas'),
(2456, 142, 'Tlaxcala'),
(2457, 142, 'Veracruz'),
(2458, 142, 'Yucatan'),
(2459, 142, 'Zacatecas'),
(2460, 143, 'Chuuk'),
(2461, 143, 'Kusaie'),
(2462, 143, 'Pohnpei'),
(2463, 143, 'Yap'),
(2464, 144, 'Balti'),
(2465, 144, 'Cahul'),
(2466, 144, 'Chisinau'),
(2467, 144, 'Chisinau Oras'),
(2468, 144, 'Edinet'),
(2469, 144, 'Gagauzia'),
(2470, 144, 'Lapusna'),
(2471, 144, 'Orhei'),
(2472, 144, 'Soroca'),
(2473, 144, 'Taraclia'),
(2474, 144, 'Tighina'),
(2475, 144, 'Transnistria'),
(2476, 144, 'Ungheni'),
(2477, 145, 'Fontvieille'),
(2478, 145, 'La Condamine'),
(2479, 145, 'Monaco-Ville'),
(2480, 145, 'Monte Carlo'),
(2481, 146, 'Arhangaj'),
(2482, 146, 'Bajan-Olgij'),
(2483, 146, 'Bajanhongor'),
(2484, 146, 'Bulgan'),
(2485, 146, 'Darhan-Uul'),
(2486, 146, 'Dornod'),
(2487, 146, 'Dornogovi'),
(2488, 146, 'Dundgovi'),
(2489, 146, 'Govi-Altaj'),
(2490, 146, 'Govisumber'),
(2491, 146, 'Hentij'),
(2492, 146, 'Hovd'),
(2493, 146, 'Hovsgol'),
(2494, 146, 'Omnogovi'),
(2495, 146, 'Orhon'),
(2496, 146, 'Ovorhangaj'),
(2497, 146, 'Selenge'),
(2498, 146, 'Suhbaatar'),
(2499, 146, 'Tov'),
(2500, 146, 'Ulaanbaatar'),
(2501, 146, 'Uvs'),
(2502, 146, 'Zavhan'),
(2503, 147, 'Montserrat'),
(2504, 148, 'Agadir'),
(2505, 148, 'Casablanca'),
(2506, 148, 'Chaouia-Ouardigha'),
(2507, 148, 'Doukkala-Abda'),
(2508, 148, 'Fes-Boulemane'),
(2509, 148, 'Gharb-Chrarda-Beni Hssen'),
(2510, 148, 'Guelmim'),
(2511, 148, 'Kenitra'),
(2512, 148, 'Marrakech-Tensift-Al Haouz'),
(2513, 148, 'Meknes-Tafilalet'),
(2514, 148, 'Oriental'),
(2515, 148, 'Oujda'),
(2516, 148, 'Province de Tanger'),
(2517, 148, 'Rabat-Sale-Zammour-Zaer'),
(2518, 148, 'Sala Al Jadida'),
(2519, 148, 'Settat'),
(2520, 148, 'Souss Massa-Draa'),
(2521, 148, 'Tadla-Azilal'),
(2522, 148, 'Tangier-Tetouan'),
(2523, 148, 'Taza-Al Hoceima-Taounate'),
(2524, 148, 'Wilaya de Casablanca'),
(2525, 148, 'Wilaya de Rabat-Sale'),
(2526, 149, 'Cabo Delgado'),
(2527, 149, 'Gaza'),
(2528, 149, 'Inhambane'),
(2529, 149, 'Manica'),
(2530, 149, 'Maputo'),
(2531, 149, 'Maputo Provincia'),
(2532, 149, 'Nampula'),
(2533, 149, 'Niassa'),
(2534, 149, 'Sofala'),
(2535, 149, 'Tete'),
(2536, 149, 'Zambezia'),
(2537, 150, 'Ayeyarwady'),
(2538, 150, 'Bago'),
(2539, 150, 'Chin'),
(2540, 150, 'Kachin'),
(2541, 150, 'Kayah'),
(2542, 150, 'Kayin'),
(2543, 150, 'Magway'),
(2544, 150, 'Mandalay'),
(2545, 150, 'Mon'),
(2546, 150, 'Nay Pyi Taw'),
(2547, 150, 'Rakhine'),
(2548, 150, 'Sagaing'),
(2549, 150, 'Shan'),
(2550, 150, 'Tanintharyi'),
(2551, 150, 'Yangon'),
(2552, 151, 'Caprivi'),
(2553, 151, 'Erongo'),
(2554, 151, 'Hardap'),
(2555, 151, 'Karas'),
(2556, 151, 'Kavango'),
(2557, 151, 'Khomas'),
(2558, 151, 'Kunene'),
(2559, 151, 'Ohangwena'),
(2560, 151, 'Omaheke'),
(2561, 151, 'Omusati'),
(2562, 151, 'Oshana'),
(2563, 151, 'Oshikoto'),
(2564, 151, 'Otjozondjupa'),
(2565, 152, 'Yaren'),
(2566, 153, 'Bagmati'),
(2567, 153, 'Bheri'),
(2568, 153, 'Dhawalagiri'),
(2569, 153, 'Gandaki'),
(2570, 153, 'Janakpur'),
(2571, 153, 'Karnali'),
(2572, 153, 'Koshi'),
(2573, 153, 'Lumbini'),
(2574, 153, 'Mahakali'),
(2575, 153, 'Mechi'),
(2576, 153, 'Narayani'),
(2577, 153, 'Rapti'),
(2578, 153, 'Sagarmatha'),
(2579, 153, 'Seti'),
(2580, 154, 'Bonaire'),
(2581, 154, 'Curacao'),
(2582, 154, 'Saba'),
(2583, 154, 'Sint Eustatius'),
(2584, 154, 'Sint Maarten'),
(2585, 155, 'Amsterdam'),
(2586, 155, 'Benelux'),
(2587, 155, 'Drenthe'),
(2588, 155, 'Flevoland'),
(2589, 155, 'Friesland'),
(2590, 155, 'Gelderland'),
(2591, 155, 'Groningen'),
(2592, 155, 'Limburg'),
(2593, 155, 'Noord-Brabant'),
(2594, 155, 'Noord-Holland'),
(2595, 155, 'Overijssel'),
(2596, 155, 'South Holland'),
(2597, 155, 'Utrecht'),
(2598, 155, 'Zeeland'),
(2599, 155, 'Zuid-Holland'),
(2600, 156, 'Iles'),
(2601, 156, 'Nord'),
(2602, 156, 'Sud'),
(2603, 157, 'Area Outside Region'),
(2604, 157, 'Auckland'),
(2605, 157, 'Bay of Plenty'),
(2606, 157, 'Canterbury'),
(2607, 157, 'Christchurch'),
(2608, 157, 'Gisborne'),
(2609, 157, 'Hawke\'s Bay'),
(2610, 157, 'Manawatu-Wanganui'),
(2611, 157, 'Marlborough'),
(2612, 157, 'Nelson'),
(2613, 157, 'Northland'),
(2614, 157, 'Otago'),
(2615, 157, 'Rodney'),
(2616, 157, 'Southland'),
(2617, 157, 'Taranaki'),
(2618, 157, 'Tasman'),
(2619, 157, 'Waikato'),
(2620, 157, 'Wellington'),
(2621, 157, 'West Coast'),
(2622, 158, 'Atlantico Norte'),
(2623, 158, 'Atlantico Sur'),
(2624, 158, 'Boaco'),
(2625, 158, 'Carazo'),
(2626, 158, 'Chinandega'),
(2627, 158, 'Chontales'),
(2628, 158, 'Esteli'),
(2629, 158, 'Granada'),
(2630, 158, 'Jinotega'),
(2631, 158, 'Leon'),
(2632, 158, 'Madriz'),
(2633, 158, 'Managua'),
(2634, 158, 'Masaya'),
(2635, 158, 'Matagalpa'),
(2636, 158, 'Nueva Segovia'),
(2637, 158, 'Rio San Juan'),
(2638, 158, 'Rivas'),
(2639, 159, 'Agadez'),
(2640, 159, 'Diffa'),
(2641, 159, 'Dosso'),
(2642, 159, 'Maradi'),
(2643, 159, 'Niamey'),
(2644, 159, 'Tahoua'),
(2645, 159, 'Tillabery'),
(2646, 159, 'Zinder'),
(2647, 160, 'Abia'),
(2648, 160, 'Abuja Federal Capital Territor'),
(2649, 160, 'Adamawa'),
(2650, 160, 'Akwa Ibom'),
(2651, 160, 'Anambra'),
(2652, 160, 'Bauchi'),
(2653, 160, 'Bayelsa'),
(2654, 160, 'Benue'),
(2655, 160, 'Borno'),
(2656, 160, 'Cross River'),
(2657, 160, 'Delta'),
(2658, 160, 'Ebonyi'),
(2659, 160, 'Edo'),
(2660, 160, 'Ekiti'),
(2661, 160, 'Enugu'),
(2662, 160, 'Gombe'),
(2663, 160, 'Imo'),
(2664, 160, 'Jigawa'),
(2665, 160, 'Kaduna'),
(2666, 160, 'Kano'),
(2667, 160, 'Katsina'),
(2668, 160, 'Kebbi'),
(2669, 160, 'Kogi'),
(2670, 160, 'Kwara'),
(2671, 160, 'Lagos'),
(2672, 160, 'Nassarawa'),
(2673, 160, 'Niger'),
(2674, 160, 'Ogun'),
(2675, 160, 'Ondo'),
(2676, 160, 'Osun'),
(2677, 160, 'Oyo'),
(2678, 160, 'Plateau'),
(2679, 160, 'Rivers'),
(2680, 160, 'Sokoto'),
(2681, 160, 'Taraba'),
(2682, 160, 'Yobe'),
(2683, 160, 'Zamfara'),
(2684, 161, 'Niue'),
(2685, 162, 'Norfolk Island'),
(2686, 163, 'Northern Islands'),
(2687, 163, 'Rota'),
(2688, 163, 'Saipan'),
(2689, 163, 'Tinian'),
(2690, 164, 'Akershus'),
(2691, 164, 'Aust Agder'),
(2692, 164, 'Bergen'),
(2693, 164, 'Buskerud'),
(2694, 164, 'Finnmark'),
(2695, 164, 'Hedmark'),
(2696, 164, 'Hordaland'),
(2697, 164, 'Moere og Romsdal'),
(2698, 164, 'Nord Trondelag'),
(2699, 164, 'Nordland'),
(2700, 164, 'Oestfold'),
(2701, 164, 'Oppland'),
(2702, 164, 'Oslo'),
(2703, 164, 'Rogaland'),
(2704, 164, 'Soer Troendelag'),
(2705, 164, 'Sogn og Fjordane'),
(2706, 164, 'Stavern'),
(2707, 164, 'Sykkylven'),
(2708, 164, 'Telemark'),
(2709, 164, 'Troms'),
(2710, 164, 'Vest Agder'),
(2711, 164, 'Vestfold'),
(2712, 164, 'ÃƒÂ˜stfold'),
(2713, 165, 'Al Buraimi'),
(2714, 165, 'Dhufar'),
(2715, 165, 'Masqat'),
(2716, 165, 'Musandam'),
(2717, 165, 'Rusayl'),
(2718, 165, 'Wadi Kabir'),
(2719, 165, 'ad-Dakhiliyah'),
(2720, 165, 'adh-Dhahirah'),
(2721, 165, 'al-Batinah'),
(2722, 165, 'ash-Sharqiyah'),
(2723, 166, 'Baluchistan'),
(2724, 166, 'Federal Capital Area'),
(2725, 166, 'Federally administered Tribal '),
(2726, 166, 'North-West Frontier'),
(2727, 166, 'Northern Areas'),
(2728, 166, 'Punjab'),
(2729, 166, 'Sind'),
(2730, 167, 'Aimeliik'),
(2731, 167, 'Airai'),
(2732, 167, 'Angaur'),
(2733, 167, 'Hatobohei'),
(2734, 167, 'Kayangel'),
(2735, 167, 'Koror'),
(2736, 167, 'Melekeok'),
(2737, 167, 'Ngaraard'),
(2738, 167, 'Ngardmau'),
(2739, 167, 'Ngaremlengui'),
(2740, 167, 'Ngatpang'),
(2741, 167, 'Ngchesar'),
(2742, 167, 'Ngerchelong'),
(2743, 167, 'Ngiwal'),
(2744, 167, 'Peleliu'),
(2745, 167, 'Sonsorol'),
(2746, 168, 'Ariha'),
(2747, 168, 'Bayt Lahm'),
(2748, 168, 'Bethlehem'),
(2749, 168, 'Dayr-al-Balah'),
(2750, 168, 'Ghazzah'),
(2751, 168, 'Ghazzah ash-Shamaliyah'),
(2752, 168, 'Janin'),
(2753, 168, 'Khan Yunis'),
(2754, 168, 'Nabulus'),
(2755, 168, 'Qalqilyah'),
(2756, 168, 'Rafah'),
(2757, 168, 'Ram Allah wal-Birah'),
(2758, 168, 'Salfit'),
(2759, 168, 'Tubas'),
(2760, 168, 'Tulkarm'),
(2761, 168, 'al-Khalil'),
(2762, 168, 'al-Quds'),
(2763, 169, 'Bocas del Toro'),
(2764, 169, 'Chiriqui'),
(2765, 169, 'Cocle'),
(2766, 169, 'Colon'),
(2767, 169, 'Darien'),
(2768, 169, 'Embera'),
(2769, 169, 'Herrera'),
(2770, 169, 'Kuna Yala'),
(2771, 169, 'Los Santos'),
(2772, 169, 'Ngobe Bugle'),
(2773, 169, 'Panama'),
(2774, 169, 'Veraguas'),
(2775, 170, 'East New Britain'),
(2776, 170, 'East Sepik'),
(2777, 170, 'Eastern Highlands'),
(2778, 170, 'Enga'),
(2779, 170, 'Fly River'),
(2780, 170, 'Gulf'),
(2781, 170, 'Madang'),
(2782, 170, 'Manus'),
(2783, 170, 'Milne Bay'),
(2784, 170, 'Morobe'),
(2785, 170, 'National Capital District'),
(2786, 170, 'New Ireland'),
(2787, 170, 'North Solomons'),
(2788, 170, 'Oro'),
(2789, 170, 'Sandaun'),
(2790, 170, 'Simbu'),
(2791, 170, 'Southern Highlands'),
(2792, 170, 'West New Britain'),
(2793, 170, 'Western Highlands'),
(2794, 171, 'Alto Paraguay'),
(2795, 171, 'Alto Parana'),
(2796, 171, 'Amambay'),
(2797, 171, 'Asuncion'),
(2798, 171, 'Boqueron'),
(2799, 171, 'Caaguazu'),
(2800, 171, 'Caazapa'),
(2801, 171, 'Canendiyu'),
(2802, 171, 'Central'),
(2803, 171, 'Concepcion'),
(2804, 171, 'Cordillera'),
(2805, 171, 'Guaira'),
(2806, 171, 'Itapua'),
(2807, 171, 'Misiones'),
(2808, 171, 'Neembucu'),
(2809, 171, 'Paraguari'),
(2810, 171, 'Presidente Hayes'),
(2811, 171, 'San Pedro'),
(2812, 172, 'Amazonas'),
(2813, 172, 'Ancash'),
(2814, 172, 'Apurimac'),
(2815, 172, 'Arequipa'),
(2816, 172, 'Ayacucho'),
(2817, 172, 'Cajamarca'),
(2818, 172, 'Cusco'),
(2819, 172, 'Huancavelica'),
(2820, 172, 'Huanuco'),
(2821, 172, 'Ica'),
(2822, 172, 'Junin'),
(2823, 172, 'La Libertad'),
(2824, 172, 'Lambayeque'),
(2825, 172, 'Lima y Callao'),
(2826, 172, 'Loreto'),
(2827, 172, 'Madre de Dios'),
(2828, 172, 'Moquegua'),
(2829, 172, 'Pasco'),
(2830, 172, 'Piura'),
(2831, 172, 'Puno'),
(2832, 172, 'San Martin'),
(2833, 172, 'Tacna'),
(2834, 172, 'Tumbes'),
(2835, 172, 'Ucayali'),
(2836, 173, 'Batangas'),
(2837, 173, 'Bicol'),
(2838, 173, 'Bulacan'),
(2839, 173, 'Cagayan'),
(2840, 173, 'Caraga'),
(2841, 173, 'Central Luzon'),
(2842, 173, 'Central Mindanao'),
(2843, 173, 'Central Visayas'),
(2844, 173, 'Cordillera'),
(2845, 173, 'Davao'),
(2846, 173, 'Eastern Visayas'),
(2847, 173, 'Greater Metropolitan Area'),
(2848, 173, 'Ilocos'),
(2849, 173, 'Laguna'),
(2850, 173, 'Luzon'),
(2851, 173, 'Mactan'),
(2852, 173, 'Metropolitan Manila Area'),
(2853, 173, 'Muslim Mindanao'),
(2854, 173, 'Northern Mindanao'),
(2855, 173, 'Southern Mindanao'),
(2856, 173, 'Southern Tagalog'),
(2857, 173, 'Western Mindanao'),
(2858, 173, 'Western Visayas'),
(2859, 174, 'Pitcairn Island'),
(2860, 175, 'Biale Blota'),
(2861, 175, 'Dobroszyce'),
(2862, 175, 'Dolnoslaskie'),
(2863, 175, 'Dziekanow Lesny'),
(2864, 175, 'Hopowo'),
(2865, 175, 'Kartuzy'),
(2866, 175, 'Koscian'),
(2867, 175, 'Krakow'),
(2868, 175, 'Kujawsko-Pomorskie'),
(2869, 175, 'Lodzkie'),
(2870, 175, 'Lubelskie'),
(2871, 175, 'Lubuskie'),
(2872, 175, 'Malomice'),
(2873, 175, 'Malopolskie'),
(2874, 175, 'Mazowieckie'),
(2875, 175, 'Mirkow'),
(2876, 175, 'Opolskie'),
(2877, 175, 'Ostrowiec'),
(2878, 175, 'Podkarpackie'),
(2879, 175, 'Podlaskie'),
(2880, 175, 'Polska'),
(2881, 175, 'Pomorskie'),
(2882, 175, 'Poznan'),
(2883, 175, 'Pruszkow'),
(2884, 175, 'Rymanowska'),
(2885, 175, 'Rzeszow'),
(2886, 175, 'Slaskie'),
(2887, 175, 'Stare Pole'),
(2888, 175, 'Swietokrzyskie'),
(2889, 175, 'Warminsko-Mazurskie'),
(2890, 175, 'Warsaw'),
(2891, 175, 'Wejherowo'),
(2892, 175, 'Wielkopolskie'),
(2893, 175, 'Wroclaw'),
(2894, 175, 'Zachodnio-Pomorskie'),
(2895, 175, 'Zukowo'),
(2896, 176, 'Abrantes'),
(2897, 176, 'Acores'),
(2898, 176, 'Alentejo'),
(2899, 176, 'Algarve'),
(2900, 176, 'Braga'),
(2901, 176, 'Centro'),
(2902, 176, 'Distrito de Leiria'),
(2903, 176, 'Distrito de Viana do Castelo'),
(2904, 176, 'Distrito de Vila Real'),
(2905, 176, 'Distrito do Porto'),
(2906, 176, 'Lisboa e Vale do Tejo'),
(2907, 176, 'Madeira'),
(2908, 176, 'Norte'),
(2909, 176, 'Paivas'),
(2910, 177, 'Arecibo'),
(2911, 177, 'Bayamon'),
(2912, 177, 'Carolina'),
(2913, 177, 'Florida'),
(2914, 177, 'Guayama'),
(2915, 177, 'Humacao'),
(2916, 177, 'Mayaguez-Aguadilla'),
(2917, 177, 'Ponce'),
(2918, 177, 'Salinas'),
(2919, 177, 'San Juan'),
(2920, 178, 'Doha'),
(2921, 178, 'Jarian-al-Batnah'),
(2922, 178, 'Umm Salal'),
(2923, 178, 'ad-Dawhah'),
(2924, 178, 'al-Ghuwayriyah'),
(2925, 178, 'al-Jumayliyah'),
(2926, 178, 'al-Khawr'),
(2927, 178, 'al-Wakrah'),
(2928, 178, 'ar-Rayyan'),
(2929, 178, 'ash-Shamal'),
(2930, 179, 'Saint-Benoit'),
(2931, 179, 'Saint-Denis'),
(2932, 179, 'Saint-Paul'),
(2933, 179, 'Saint-Pierre'),
(2934, 180, 'Alba'),
(2935, 180, 'Arad'),
(2936, 180, 'Arges'),
(2937, 180, 'Bacau'),
(2938, 180, 'Bihor'),
(2939, 180, 'Bistrita-Nasaud'),
(2940, 180, 'Botosani'),
(2941, 180, 'Braila'),
(2942, 180, 'Brasov'),
(2943, 180, 'Bucuresti'),
(2944, 180, 'Buzau'),
(2945, 180, 'Calarasi'),
(2946, 180, 'Caras-Severin'),
(2947, 180, 'Cluj'),
(2948, 180, 'Constanta'),
(2949, 180, 'Covasna'),
(2950, 180, 'Dambovita'),
(2951, 180, 'Dolj'),
(2952, 180, 'Galati'),
(2953, 180, 'Giurgiu'),
(2954, 180, 'Gorj'),
(2955, 180, 'Harghita'),
(2956, 180, 'Hunedoara'),
(2957, 180, 'Ialomita'),
(2958, 180, 'Iasi'),
(2959, 180, 'Ilfov'),
(2960, 180, 'Maramures'),
(2961, 180, 'Mehedinti'),
(2962, 180, 'Mures'),
(2963, 180, 'Neamt'),
(2964, 180, 'Olt'),
(2965, 180, 'Prahova'),
(2966, 180, 'Salaj'),
(2967, 180, 'Satu Mare'),
(2968, 180, 'Sibiu'),
(2969, 180, 'Sondelor'),
(2970, 180, 'Suceava'),
(2971, 180, 'Teleorman'),
(2972, 180, 'Timis'),
(2973, 180, 'Tulcea'),
(2974, 180, 'Valcea'),
(2975, 180, 'Vaslui'),
(2976, 180, 'Vrancea'),
(2977, 181, 'Adygeja'),
(2978, 181, 'Aga'),
(2979, 181, 'Alanija'),
(2980, 181, 'Altaj'),
(2981, 181, 'Amur'),
(2982, 181, 'Arhangelsk'),
(2983, 181, 'Astrahan'),
(2984, 181, 'Bashkortostan'),
(2985, 181, 'Belgorod'),
(2986, 181, 'Brjansk'),
(2987, 181, 'Burjatija'),
(2988, 181, 'Chechenija'),
(2989, 181, 'Cheljabinsk'),
(2990, 181, 'Chita'),
(2991, 181, 'Chukotka'),
(2992, 181, 'Chuvashija'),
(2993, 181, 'Dagestan'),
(2994, 181, 'Evenkija'),
(2995, 181, 'Gorno-Altaj'),
(2996, 181, 'Habarovsk'),
(2997, 181, 'Hakasija'),
(2998, 181, 'Hanty-Mansija'),
(2999, 181, 'Ingusetija'),
(3000, 181, 'Irkutsk'),
(3001, 181, 'Ivanovo'),
(3002, 181, 'Jamalo-Nenets'),
(3003, 181, 'Jaroslavl'),
(3004, 181, 'Jevrej'),
(3005, 181, 'Kabardino-Balkarija'),
(3006, 181, 'Kaliningrad'),
(3007, 181, 'Kalmykija'),
(3008, 181, 'Kaluga'),
(3009, 181, 'Kamchatka'),
(3010, 181, 'Karachaj-Cherkessija'),
(3011, 181, 'Karelija'),
(3012, 181, 'Kemerovo'),
(3013, 181, 'Khabarovskiy Kray'),
(3014, 181, 'Kirov'),
(3015, 181, 'Komi'),
(3016, 181, 'Komi-Permjakija'),
(3017, 181, 'Korjakija'),
(3018, 181, 'Kostroma'),
(3019, 181, 'Krasnodar'),
(3020, 181, 'Krasnojarsk'),
(3021, 181, 'Krasnoyarskiy Kray'),
(3022, 181, 'Kurgan'),
(3023, 181, 'Kursk'),
(3024, 181, 'Leningrad'),
(3025, 181, 'Lipeck'),
(3026, 181, 'Magadan'),
(3027, 181, 'Marij El'),
(3028, 181, 'Mordovija'),
(3029, 181, 'Moscow'),
(3030, 181, 'Moskovskaja Oblast'),
(3031, 181, 'Moskovskaya Oblast'),
(3032, 181, 'Moskva'),
(3033, 181, 'Murmansk'),
(3034, 181, 'Nenets'),
(3035, 181, 'Nizhnij Novgorod'),
(3036, 181, 'Novgorod'),
(3037, 181, 'Novokusnezk'),
(3038, 181, 'Novosibirsk'),
(3039, 181, 'Omsk'),
(3040, 181, 'Orenburg'),
(3041, 181, 'Orjol'),
(3042, 181, 'Penza'),
(3043, 181, 'Perm'),
(3044, 181, 'Primorje'),
(3045, 181, 'Pskov'),
(3046, 181, 'Pskovskaya Oblast'),
(3047, 181, 'Rjazan'),
(3048, 181, 'Rostov'),
(3049, 181, 'Saha'),
(3050, 181, 'Sahalin'),
(3051, 181, 'Samara'),
(3052, 181, 'Samarskaya'),
(3053, 181, 'Sankt-Peterburg'),
(3054, 181, 'Saratov'),
(3055, 181, 'Smolensk'),
(3056, 181, 'Stavropol'),
(3057, 181, 'Sverdlovsk'),
(3058, 181, 'Tajmyrija'),
(3059, 181, 'Tambov'),
(3060, 181, 'Tatarstan'),
(3061, 181, 'Tjumen'),
(3062, 181, 'Tomsk'),
(3063, 181, 'Tula'),
(3064, 181, 'Tver'),
(3065, 181, 'Tyva'),
(3066, 181, 'Udmurtija'),
(3067, 181, 'Uljanovsk'),
(3068, 181, 'Ulyanovskaya Oblast'),
(3069, 181, 'Ust-Orda'),
(3070, 181, 'Vladimir'),
(3071, 181, 'Volgograd'),
(3072, 181, 'Vologda'),
(3073, 181, 'Voronezh'),
(3074, 182, 'Butare'),
(3075, 182, 'Byumba'),
(3076, 182, 'Cyangugu'),
(3077, 182, 'Gikongoro'),
(3078, 182, 'Gisenyi'),
(3079, 182, 'Gitarama'),
(3080, 182, 'Kibungo'),
(3081, 182, 'Kibuye'),
(3082, 182, 'Kigali-ngali'),
(3083, 182, 'Ruhengeri'),
(3084, 183, 'Ascension'),
(3085, 183, 'Gough Island'),
(3086, 183, 'Saint Helena'),
(3087, 183, 'Tristan da Cunha'),
(3088, 184, 'Christ Church Nichola Town'),
(3089, 184, 'Saint Anne Sandy Point'),
(3090, 184, 'Saint George Basseterre'),
(3091, 184, 'Saint George Gingerland'),
(3092, 184, 'Saint James Windward'),
(3093, 184, 'Saint John Capesterre'),
(3094, 184, 'Saint John Figtree'),
(3095, 184, 'Saint Mary Cayon'),
(3096, 184, 'Saint Paul Capesterre'),
(3097, 184, 'Saint Paul Charlestown'),
(3098, 184, 'Saint Peter Basseterre'),
(3099, 184, 'Saint Thomas Lowland'),
(3100, 184, 'Saint Thomas Middle Island'),
(3101, 184, 'Trinity Palmetto Point'),
(3102, 185, 'Anse-la-Raye'),
(3103, 185, 'Canaries'),
(3104, 185, 'Castries'),
(3105, 185, 'Choiseul'),
(3106, 185, 'Dennery'),
(3107, 185, 'Gros Inlet'),
(3108, 185, 'Laborie'),
(3109, 185, 'Micoud'),
(3110, 185, 'Soufriere'),
(3111, 185, 'Vieux Fort'),
(3112, 186, 'Miquelon-Langlade'),
(3113, 186, 'Saint-Pierre'),
(3114, 187, 'Charlotte'),
(3115, 187, 'Grenadines'),
(3116, 187, 'Saint Andrew'),
(3117, 187, 'Saint David'),
(3118, 187, 'Saint George'),
(3119, 187, 'Saint Patrick'),
(3120, 188, 'A\'ana'),
(3121, 188, 'Aiga-i-le-Tai'),
(3122, 188, 'Atua'),
(3123, 188, 'Fa\'asaleleaga'),
(3124, 188, 'Gaga\'emauga'),
(3125, 188, 'Gagaifomauga'),
(3126, 188, 'Palauli'),
(3127, 188, 'Satupa\'itea'),
(3128, 188, 'Tuamasaga'),
(3129, 188, 'Va\'a-o-Fonoti'),
(3130, 188, 'Vaisigano'),
(3131, 189, 'Acquaviva'),
(3132, 189, 'Borgo Maggiore'),
(3133, 189, 'Chiesanuova'),
(3134, 189, 'Domagnano'),
(3135, 189, 'Faetano'),
(3136, 189, 'Fiorentino'),
(3137, 189, 'Montegiardino'),
(3138, 189, 'San Marino'),
(3139, 189, 'Serravalle'),
(3140, 190, 'Agua Grande'),
(3141, 190, 'Cantagalo'),
(3142, 190, 'Lemba'),
(3143, 190, 'Lobata'),
(3144, 190, 'Me-Zochi'),
(3145, 190, 'Pague'),
(3146, 191, 'Al Khobar'),
(3147, 191, 'Aseer'),
(3148, 191, 'Ash Sharqiyah'),
(3149, 191, 'Asir'),
(3150, 191, 'Central Province'),
(3151, 191, 'Eastern Province'),
(3152, 191, 'Ha\'il'),
(3153, 191, 'Jawf'),
(3154, 191, 'Jizan'),
(3155, 191, 'Makkah'),
(3156, 191, 'Najran'),
(3157, 191, 'Qasim'),
(3158, 191, 'Tabuk'),
(3159, 191, 'Western Province'),
(3160, 191, 'al-Bahah'),
(3161, 191, 'al-Hudud-ash-Shamaliyah'),
(3162, 191, 'al-Madinah'),
(3163, 191, 'ar-Riyad'),
(3164, 192, 'Dakar'),
(3165, 192, 'Diourbel'),
(3166, 192, 'Fatick'),
(3167, 192, 'Kaolack'),
(3168, 192, 'Kolda'),
(3169, 192, 'Louga'),
(3170, 192, 'Saint-Louis'),
(3171, 192, 'Tambacounda'),
(3172, 192, 'Thies'),
(3173, 192, 'Ziguinchor'),
(3174, 193, 'Central Serbia'),
(3175, 193, 'Kosovo and Metohija'),
(3176, 193, 'Vojvodina'),
(3177, 194, 'Anse Boileau'),
(3178, 194, 'Anse Royale'),
(3179, 194, 'Cascade'),
(3180, 194, 'Takamaka'),
(3181, 194, 'Victoria'),
(3182, 195, 'Eastern'),
(3183, 195, 'Northern'),
(3184, 195, 'Southern'),
(3185, 195, 'Western'),
(3186, 196, 'Singapore'),
(3187, 197, 'Banskobystricky'),
(3188, 197, 'Bratislavsky'),
(3189, 197, 'Kosicky'),
(3190, 197, 'Nitriansky'),
(3191, 197, 'Presovsky'),
(3192, 197, 'Trenciansky'),
(3193, 197, 'Trnavsky'),
(3194, 197, 'Zilinsky'),
(3195, 198, 'Benedikt'),
(3196, 198, 'Gorenjska'),
(3197, 198, 'Gorishka'),
(3198, 198, 'Jugovzhodna Slovenija'),
(3199, 198, 'Koroshka'),
(3200, 198, 'Notranjsko-krashka'),
(3201, 198, 'Obalno-krashka'),
(3202, 198, 'Obcina Domzale'),
(3203, 198, 'Obcina Vitanje'),
(3204, 198, 'Osrednjeslovenska'),
(3205, 198, 'Podravska'),
(3206, 198, 'Pomurska'),
(3207, 198, 'Savinjska'),
(3208, 198, 'Slovenian Littoral'),
(3209, 198, 'Spodnjeposavska'),
(3210, 198, 'Zasavska'),
(3211, 199, 'Pitcairn'),
(3212, 200, 'Central'),
(3213, 200, 'Choiseul'),
(3214, 200, 'Guadalcanal'),
(3215, 200, 'Isabel'),
(3216, 200, 'Makira and Ulawa'),
(3217, 200, 'Malaita'),
(3218, 200, 'Rennell and Bellona'),
(3219, 200, 'Temotu'),
(3220, 200, 'Western'),
(3221, 201, 'Awdal'),
(3222, 201, 'Bakol'),
(3223, 201, 'Banadir'),
(3224, 201, 'Bari'),
(3225, 201, 'Bay'),
(3226, 201, 'Galgudug'),
(3227, 201, 'Gedo'),
(3228, 201, 'Hiran'),
(3229, 201, 'Jubbada Hose'),
(3230, 201, 'Jubbadha Dexe'),
(3231, 201, 'Mudug'),
(3232, 201, 'Nugal'),
(3233, 201, 'Sanag'),
(3234, 201, 'Shabellaha Dhexe'),
(3235, 201, 'Shabellaha Hose'),
(3236, 201, 'Togdher'),
(3237, 201, 'Woqoyi Galbed'),
(3238, 202, 'Eastern Cape'),
(3239, 202, 'Free State'),
(3240, 202, 'Gauteng'),
(3241, 202, 'Kempton Park'),
(3242, 202, 'Kramerville'),
(3243, 202, 'KwaZulu Natal'),
(3244, 202, 'Limpopo'),
(3245, 202, 'Mpumalanga'),
(3246, 202, 'North West'),
(3247, 202, 'Northern Cape'),
(3248, 202, 'Parow'),
(3249, 202, 'Table View'),
(3250, 202, 'Umtentweni'),
(3251, 202, 'Western Cape'),
(3252, 203, 'South Georgia'),
(3253, 204, 'Central Equatoria'),
(3254, 205, 'A Coruna'),
(3255, 205, 'Alacant'),
(3256, 205, 'Alava'),
(3257, 205, 'Albacete'),
(3258, 205, 'Almeria'),
(3259, 205, 'Andalucia'),
(3260, 205, 'Asturias'),
(3261, 205, 'Avila'),
(3262, 205, 'Badajoz'),
(3263, 205, 'Balears'),
(3264, 205, 'Barcelona'),
(3265, 205, 'Bertamirans'),
(3266, 205, 'Biscay'),
(3267, 205, 'Burgos'),
(3268, 205, 'Caceres'),
(3269, 205, 'Cadiz'),
(3270, 205, 'Cantabria'),
(3271, 205, 'Castello'),
(3272, 205, 'Catalunya'),
(3273, 205, 'Ceuta'),
(3274, 205, 'Ciudad Real'),
(3275, 205, 'Comunidad Autonoma de Canarias'),
(3276, 205, 'Comunidad Autonoma de Cataluna'),
(3277, 205, 'Comunidad Autonoma de Galicia'),
(3278, 205, 'Comunidad Autonoma de las Isla'),
(3279, 205, 'Comunidad Autonoma del Princip'),
(3280, 205, 'Comunidad Valenciana'),
(3281, 205, 'Cordoba'),
(3282, 205, 'Cuenca'),
(3283, 205, 'Gipuzkoa'),
(3284, 205, 'Girona'),
(3285, 205, 'Granada'),
(3286, 205, 'Guadalajara'),
(3287, 205, 'Guipuzcoa'),
(3288, 205, 'Huelva'),
(3289, 205, 'Huesca'),
(3290, 205, 'Jaen'),
(3291, 205, 'La Rioja'),
(3292, 205, 'Las Palmas'),
(3293, 205, 'Leon'),
(3294, 205, 'Lerida'),
(3295, 205, 'Lleida'),
(3296, 205, 'Lugo'),
(3297, 205, 'Madrid'),
(3298, 205, 'Malaga'),
(3299, 205, 'Melilla'),
(3300, 205, 'Murcia'),
(3301, 205, 'Navarra'),
(3302, 205, 'Ourense'),
(3303, 205, 'Pais Vasco'),
(3304, 205, 'Palencia'),
(3305, 205, 'Pontevedra'),
(3306, 205, 'Salamanca'),
(3307, 205, 'Santa Cruz de Tenerife'),
(3308, 205, 'Segovia'),
(3309, 205, 'Sevilla'),
(3310, 205, 'Soria'),
(3311, 205, 'Tarragona'),
(3312, 205, 'Tenerife'),
(3313, 205, 'Teruel'),
(3314, 205, 'Toledo'),
(3315, 205, 'Valencia'),
(3316, 205, 'Valladolid'),
(3317, 205, 'Vizcaya'),
(3318, 205, 'Zamora'),
(3319, 205, 'Zaragoza'),
(3320, 206, 'Amparai'),
(3321, 206, 'Anuradhapuraya'),
(3322, 206, 'Badulla'),
(3323, 206, 'Boralesgamuwa'),
(3324, 206, 'Colombo'),
(3325, 206, 'Galla'),
(3326, 206, 'Gampaha'),
(3327, 206, 'Hambantota'),
(3328, 206, 'Kalatura'),
(3329, 206, 'Kegalla'),
(3330, 206, 'Kilinochchi'),
(3331, 206, 'Kurunegala'),
(3332, 206, 'Madakalpuwa'),
(3333, 206, 'Maha Nuwara'),
(3334, 206, 'Malwana'),
(3335, 206, 'Mannarama'),
(3336, 206, 'Matale'),
(3337, 206, 'Matara'),
(3338, 206, 'Monaragala'),
(3339, 206, 'Mullaitivu'),
(3340, 206, 'North Eastern Province'),
(3341, 206, 'North Western Province'),
(3342, 206, 'Nuwara Eliya'),
(3343, 206, 'Polonnaruwa'),
(3344, 206, 'Puttalama'),
(3345, 206, 'Ratnapuraya'),
(3346, 206, 'Southern Province'),
(3347, 206, 'Tirikunamalaya'),
(3348, 206, 'Tuscany'),
(3349, 206, 'Vavuniyawa'),
(3350, 206, 'Western Province'),
(3351, 206, 'Yapanaya'),
(3352, 206, 'kadawatha'),
(3353, 207, 'A\'ali-an-Nil'),
(3354, 207, 'Bahr-al-Jabal'),
(3355, 207, 'Central Equatoria'),
(3356, 207, 'Gharb Bahr-al-Ghazal'),
(3357, 207, 'Gharb Darfur'),
(3358, 207, 'Gharb Kurdufan'),
(3359, 207, 'Gharb-al-Istiwa\'iyah'),
(3360, 207, 'Janub Darfur'),
(3361, 207, 'Janub Kurdufan'),
(3362, 207, 'Junqali'),
(3363, 207, 'Kassala'),
(3364, 207, 'Nahr-an-Nil'),
(3365, 207, 'Shamal Bahr-al-Ghazal'),
(3366, 207, 'Shamal Darfur'),
(3367, 207, 'Shamal Kurdufan'),
(3368, 207, 'Sharq-al-Istiwa\'iyah'),
(3369, 207, 'Sinnar'),
(3370, 207, 'Warab'),
(3371, 207, 'Wilayat al Khartum'),
(3372, 207, 'al-Bahr-al-Ahmar'),
(3373, 207, 'al-Buhayrat'),
(3374, 207, 'al-Jazirah'),
(3375, 207, 'al-Khartum'),
(3376, 207, 'al-Qadarif'),
(3377, 207, 'al-Wahdah'),
(3378, 207, 'an-Nil-al-Abyad'),
(3379, 207, 'an-Nil-al-Azraq'),
(3380, 207, 'ash-Shamaliyah'),
(3381, 208, 'Brokopondo'),
(3382, 208, 'Commewijne'),
(3383, 208, 'Coronie'),
(3384, 208, 'Marowijne'),
(3385, 208, 'Nickerie'),
(3386, 208, 'Para'),
(3387, 208, 'Paramaribo'),
(3388, 208, 'Saramacca'),
(3389, 208, 'Wanica'),
(3390, 209, 'Svalbard'),
(3391, 210, 'Hhohho'),
(3392, 210, 'Lubombo'),
(3393, 210, 'Manzini'),
(3394, 210, 'Shiselweni'),
(3395, 211, 'Alvsborgs Lan'),
(3396, 211, 'Angermanland'),
(3397, 211, 'Blekinge'),
(3398, 211, 'Bohuslan'),
(3399, 211, 'Dalarna'),
(3400, 211, 'Gavleborg'),
(3401, 211, 'Gaza'),
(3402, 211, 'Gotland'),
(3403, 211, 'Halland'),
(3404, 211, 'Jamtland'),
(3405, 211, 'Jonkoping'),
(3406, 211, 'Kalmar'),
(3407, 211, 'Kristianstads'),
(3408, 211, 'Kronoberg'),
(3409, 211, 'Norrbotten'),
(3410, 211, 'Orebro'),
(3411, 211, 'Ostergotland'),
(3412, 211, 'Saltsjo-Boo'),
(3413, 211, 'Skane'),
(3414, 211, 'Smaland'),
(3415, 211, 'Sodermanland'),
(3416, 211, 'Stockholm'),
(3417, 211, 'Uppsala'),
(3418, 211, 'Varmland'),
(3419, 211, 'Vasterbotten'),
(3420, 211, 'Vastergotland'),
(3421, 211, 'Vasternorrland'),
(3422, 211, 'Vastmanland'),
(3423, 211, 'Vastra Gotaland'),
(3424, 212, 'Aargau'),
(3425, 212, 'Appenzell Inner-Rhoden'),
(3426, 212, 'Appenzell-Ausser Rhoden'),
(3427, 212, 'Basel-Landschaft'),
(3428, 212, 'Basel-Stadt'),
(3429, 212, 'Bern'),
(3430, 212, 'Canton Ticino'),
(3431, 212, 'Fribourg'),
(3432, 212, 'Geneve'),
(3433, 212, 'Glarus'),
(3434, 212, 'Graubunden'),
(3435, 212, 'Heerbrugg'),
(3436, 212, 'Jura'),
(3437, 212, 'Kanton Aargau'),
(3438, 212, 'Luzern'),
(3439, 212, 'Morbio Inferiore'),
(3440, 212, 'Muhen'),
(3441, 212, 'Neuchatel'),
(3442, 212, 'Nidwalden'),
(3443, 212, 'Obwalden'),
(3444, 212, 'Sankt Gallen'),
(3445, 212, 'Schaffhausen'),
(3446, 212, 'Schwyz'),
(3447, 212, 'Solothurn'),
(3448, 212, 'Thurgau'),
(3449, 212, 'Ticino'),
(3450, 212, 'Uri'),
(3451, 212, 'Valais'),
(3452, 212, 'Vaud'),
(3453, 212, 'Vauffelin'),
(3454, 212, 'Zug'),
(3455, 212, 'Zurich'),
(3456, 213, 'Aleppo'),
(3457, 213, 'Dar\'a'),
(3458, 213, 'Dayr-az-Zawr'),
(3459, 213, 'Dimashq'),
(3460, 213, 'Halab'),
(3461, 213, 'Hamah'),
(3462, 213, 'Hims'),
(3463, 213, 'Idlib'),
(3464, 213, 'Madinat Dimashq'),
(3465, 213, 'Tartus'),
(3466, 213, 'al-Hasakah'),
(3467, 213, 'al-Ladhiqiyah'),
(3468, 213, 'al-Qunaytirah'),
(3469, 213, 'ar-Raqqah'),
(3470, 213, 'as-Suwayda'),
(3471, 214, 'Changhwa'),
(3472, 214, 'Chiayi Hsien'),
(3473, 214, 'Chiayi Shih'),
(3474, 214, 'Eastern Taipei'),
(3475, 214, 'Hsinchu Hsien'),
(3476, 214, 'Hsinchu Shih'),
(3477, 214, 'Hualien'),
(3478, 214, 'Ilan'),
(3479, 214, 'Kaohsiung Hsien'),
(3480, 214, 'Kaohsiung Shih'),
(3481, 214, 'Keelung Shih'),
(3482, 214, 'Kinmen'),
(3483, 214, 'Miaoli'),
(3484, 214, 'Nantou'),
(3485, 214, 'Northern Taiwan'),
(3486, 214, 'Penghu'),
(3487, 214, 'Pingtung'),
(3488, 214, 'Taichung'),
(3489, 214, 'Taichung Hsien'),
(3490, 214, 'Taichung Shih'),
(3491, 214, 'Tainan Hsien'),
(3492, 214, 'Tainan Shih'),
(3493, 214, 'Taipei Hsien'),
(3494, 214, 'Taipei Shih / Taipei Hsien'),
(3495, 214, 'Taitung'),
(3496, 214, 'Taoyuan'),
(3497, 214, 'Yilan'),
(3498, 214, 'Yun-Lin Hsien'),
(3499, 214, 'Yunlin'),
(3500, 215, 'Dushanbe'),
(3501, 215, 'Gorno-Badakhshan'),
(3502, 215, 'Karotegin'),
(3503, 215, 'Khatlon'),
(3504, 215, 'Sughd'),
(3505, 216, 'Arusha'),
(3506, 216, 'Dar es Salaam'),
(3507, 216, 'Dodoma'),
(3508, 216, 'Iringa'),
(3509, 216, 'Kagera'),
(3510, 216, 'Kigoma'),
(3511, 216, 'Kilimanjaro'),
(3512, 216, 'Lindi'),
(3513, 216, 'Mara'),
(3514, 216, 'Mbeya'),
(3515, 216, 'Morogoro'),
(3516, 216, 'Mtwara'),
(3517, 216, 'Mwanza'),
(3518, 216, 'Pwani'),
(3519, 216, 'Rukwa'),
(3520, 216, 'Ruvuma'),
(3521, 216, 'Shinyanga'),
(3522, 216, 'Singida'),
(3523, 216, 'Tabora'),
(3524, 216, 'Tanga'),
(3525, 216, 'Zanzibar and Pemba'),
(3526, 217, 'Amnat Charoen'),
(3527, 217, 'Ang Thong'),
(3528, 217, 'Bangkok'),
(3529, 217, 'Buri Ram'),
(3530, 217, 'Chachoengsao'),
(3531, 217, 'Chai Nat'),
(3532, 217, 'Chaiyaphum'),
(3533, 217, 'Changwat Chaiyaphum'),
(3534, 217, 'Chanthaburi'),
(3535, 217, 'Chiang Mai'),
(3536, 217, 'Chiang Rai'),
(3537, 217, 'Chon Buri'),
(3538, 217, 'Chumphon'),
(3539, 217, 'Kalasin'),
(3540, 217, 'Kamphaeng Phet'),
(3541, 217, 'Kanchanaburi'),
(3542, 217, 'Khon Kaen'),
(3543, 217, 'Krabi'),
(3544, 217, 'Krung Thep'),
(3545, 217, 'Lampang'),
(3546, 217, 'Lamphun'),
(3547, 217, 'Loei'),
(3548, 217, 'Lop Buri'),
(3549, 217, 'Mae Hong Son'),
(3550, 217, 'Maha Sarakham'),
(3551, 217, 'Mukdahan'),
(3552, 217, 'Nakhon Nayok'),
(3553, 217, 'Nakhon Pathom'),
(3554, 217, 'Nakhon Phanom'),
(3555, 217, 'Nakhon Ratchasima'),
(3556, 217, 'Nakhon Sawan'),
(3557, 217, 'Nakhon Si Thammarat'),
(3558, 217, 'Nan'),
(3559, 217, 'Narathiwat'),
(3560, 217, 'Nong Bua Lam Phu'),
(3561, 217, 'Nong Khai'),
(3562, 217, 'Nonthaburi'),
(3563, 217, 'Pathum Thani'),
(3564, 217, 'Pattani'),
(3565, 217, 'Phangnga'),
(3566, 217, 'Phatthalung'),
(3567, 217, 'Phayao'),
(3568, 217, 'Phetchabun'),
(3569, 217, 'Phetchaburi'),
(3570, 217, 'Phichit'),
(3571, 217, 'Phitsanulok'),
(3572, 217, 'Phra Nakhon Si Ayutthaya'),
(3573, 217, 'Phrae'),
(3574, 217, 'Phuket'),
(3575, 217, 'Prachin Buri'),
(3576, 217, 'Prachuap Khiri Khan'),
(3577, 217, 'Ranong'),
(3578, 217, 'Ratchaburi'),
(3579, 217, 'Rayong'),
(3580, 217, 'Roi Et'),
(3581, 217, 'Sa Kaeo'),
(3582, 217, 'Sakon Nakhon'),
(3583, 217, 'Samut Prakan'),
(3584, 217, 'Samut Sakhon'),
(3585, 217, 'Samut Songkhran'),
(3586, 217, 'Saraburi'),
(3587, 217, 'Satun'),
(3588, 217, 'Si Sa Ket'),
(3589, 217, 'Sing Buri'),
(3590, 217, 'Songkhla'),
(3591, 217, 'Sukhothai'),
(3592, 217, 'Suphan Buri'),
(3593, 217, 'Surat Thani'),
(3594, 217, 'Surin'),
(3595, 217, 'Tak'),
(3596, 217, 'Trang'),
(3597, 217, 'Trat'),
(3598, 217, 'Ubon Ratchathani'),
(3599, 217, 'Udon Thani'),
(3600, 217, 'Uthai Thani'),
(3601, 217, 'Uttaradit'),
(3602, 217, 'Yala'),
(3603, 217, 'Yasothon'),
(3604, 218, 'Centre'),
(3605, 218, 'Kara'),
(3606, 218, 'Maritime'),
(3607, 218, 'Plateaux'),
(3608, 218, 'Savanes'),
(3609, 219, 'Atafu'),
(3610, 219, 'Fakaofo'),
(3611, 219, 'Nukunonu'),
(3612, 220, 'Eua'),
(3613, 220, 'Ha\'apai'),
(3614, 220, 'Niuas'),
(3615, 220, 'Tongatapu'),
(3616, 220, 'Vava\'u'),
(3617, 221, 'Arima-Tunapuna-Piarco'),
(3618, 221, 'Caroni'),
(3619, 221, 'Chaguanas'),
(3620, 221, 'Couva-Tabaquite-Talparo'),
(3621, 221, 'Diego Martin'),
(3622, 221, 'Glencoe'),
(3623, 221, 'Penal Debe'),
(3624, 221, 'Point Fortin'),
(3625, 221, 'Port of Spain'),
(3626, 221, 'Princes Town'),
(3627, 221, 'Saint George'),
(3628, 221, 'San Fernando'),
(3629, 221, 'San Juan'),
(3630, 221, 'Sangre Grande'),
(3631, 221, 'Siparia'),
(3632, 221, 'Tobago'),
(3633, 222, 'Aryanah'),
(3634, 222, 'Bajah'),
(3635, 222, 'Bin \'Arus'),
(3636, 222, 'Binzart'),
(3637, 222, 'Gouvernorat de Ariana'),
(3638, 222, 'Gouvernorat de Nabeul'),
(3639, 222, 'Gouvernorat de Sousse'),
(3640, 222, 'Hammamet Yasmine'),
(3641, 222, 'Jundubah'),
(3642, 222, 'Madaniyin'),
(3643, 222, 'Manubah'),
(3644, 222, 'Monastir'),
(3645, 222, 'Nabul'),
(3646, 222, 'Qabis'),
(3647, 222, 'Qafsah'),
(3648, 222, 'Qibili'),
(3649, 222, 'Safaqis'),
(3650, 222, 'Sfax'),
(3651, 222, 'Sidi Bu Zayd'),
(3652, 222, 'Silyanah'),
(3653, 222, 'Susah'),
(3654, 222, 'Tatawin'),
(3655, 222, 'Tawzar'),
(3656, 222, 'Tunis'),
(3657, 222, 'Zaghwan'),
(3658, 222, 'al-Kaf'),
(3659, 222, 'al-Mahdiyah'),
(3660, 222, 'al-Munastir'),
(3661, 222, 'al-Qasrayn'),
(3662, 222, 'al-Qayrawan'),
(3663, 223, 'Adana'),
(3664, 223, 'Adiyaman'),
(3665, 223, 'Afyon'),
(3666, 223, 'Agri'),
(3667, 223, 'Aksaray'),
(3668, 223, 'Amasya'),
(3669, 223, 'Ankara'),
(3670, 223, 'Antalya'),
(3671, 223, 'Ardahan'),
(3672, 223, 'Artvin'),
(3673, 223, 'Aydin'),
(3674, 223, 'Balikesir'),
(3675, 223, 'Bartin'),
(3676, 223, 'Batman'),
(3677, 223, 'Bayburt'),
(3678, 223, 'Bilecik'),
(3679, 223, 'Bingol'),
(3680, 223, 'Bitlis'),
(3681, 223, 'Bolu'),
(3682, 223, 'Burdur'),
(3683, 223, 'Bursa'),
(3684, 223, 'Canakkale'),
(3685, 223, 'Cankiri'),
(3686, 223, 'Corum'),
(3687, 223, 'Denizli'),
(3688, 223, 'Diyarbakir'),
(3689, 223, 'Duzce'),
(3690, 223, 'Edirne'),
(3691, 223, 'Elazig'),
(3692, 223, 'Erzincan'),
(3693, 223, 'Erzurum'),
(3694, 223, 'Eskisehir'),
(3695, 223, 'Gaziantep'),
(3696, 223, 'Giresun'),
(3697, 223, 'Gumushane'),
(3698, 223, 'Hakkari'),
(3699, 223, 'Hatay'),
(3700, 223, 'Icel'),
(3701, 223, 'Igdir'),
(3702, 223, 'Isparta'),
(3703, 223, 'Istanbul'),
(3704, 223, 'Izmir'),
(3705, 223, 'Kahramanmaras'),
(3706, 223, 'Karabuk'),
(3707, 223, 'Karaman'),
(3708, 223, 'Kars'),
(3709, 223, 'Karsiyaka'),
(3710, 223, 'Kastamonu'),
(3711, 223, 'Kayseri'),
(3712, 223, 'Kilis'),
(3713, 223, 'Kirikkale'),
(3714, 223, 'Kirklareli'),
(3715, 223, 'Kirsehir'),
(3716, 223, 'Kocaeli'),
(3717, 223, 'Konya'),
(3718, 223, 'Kutahya'),
(3719, 223, 'Lefkosa'),
(3720, 223, 'Malatya'),
(3721, 223, 'Manisa'),
(3722, 223, 'Mardin'),
(3723, 223, 'Mugla'),
(3724, 223, 'Mus'),
(3725, 223, 'Nevsehir'),
(3726, 223, 'Nigde'),
(3727, 223, 'Ordu'),
(3728, 223, 'Osmaniye'),
(3729, 223, 'Rize'),
(3730, 223, 'Sakarya'),
(3731, 223, 'Samsun'),
(3732, 223, 'Sanliurfa'),
(3733, 223, 'Siirt'),
(3734, 223, 'Sinop'),
(3735, 223, 'Sirnak'),
(3736, 223, 'Sivas'),
(3737, 223, 'Tekirdag'),
(3738, 223, 'Tokat'),
(3739, 223, 'Trabzon'),
(3740, 223, 'Tunceli'),
(3741, 223, 'Usak'),
(3742, 223, 'Van'),
(3743, 223, 'Yalova'),
(3744, 223, 'Yozgat'),
(3745, 223, 'Zonguldak'),
(3746, 224, 'Ahal'),
(3747, 224, 'Asgabat'),
(3748, 224, 'Balkan'),
(3749, 224, 'Dasoguz'),
(3750, 224, 'Lebap'),
(3751, 224, 'Mari'),
(3752, 225, 'Grand Turk'),
(3753, 225, 'South Caicos and East Caicos'),
(3754, 226, 'Funafuti'),
(3755, 226, 'Nanumanga'),
(3756, 226, 'Nanumea'),
(3757, 226, 'Niutao'),
(3758, 226, 'Nui'),
(3759, 226, 'Nukufetau'),
(3760, 226, 'Nukulaelae'),
(3761, 226, 'Vaitupu'),
(3762, 227, 'Central'),
(3763, 227, 'Eastern'),
(3764, 227, 'Northern'),
(3765, 227, 'Western'),
(3766, 228, 'Cherkas\'ka'),
(3767, 228, 'Chernihivs\'ka'),
(3768, 228, 'Chernivets\'ka'),
(3769, 228, 'Crimea'),
(3770, 228, 'Dnipropetrovska'),
(3771, 228, 'Donets\'ka'),
(3772, 228, 'Ivano-Frankivs\'ka'),
(3773, 228, 'Kharkiv'),
(3774, 228, 'Kharkov'),
(3775, 228, 'Khersonska'),
(3776, 228, 'Khmel\'nyts\'ka'),
(3777, 228, 'Kirovohrad'),
(3778, 228, 'Krym'),
(3779, 228, 'Kyyiv'),
(3780, 228, 'Kyyivs\'ka'),
(3781, 228, 'L\'vivs\'ka'),
(3782, 228, 'Luhans\'ka'),
(3783, 228, 'Mykolayivs\'ka'),
(3784, 228, 'Odes\'ka'),
(3785, 228, 'Odessa'),
(3786, 228, 'Poltavs\'ka'),
(3787, 228, 'Rivnens\'ka'),
(3788, 228, 'Sevastopol\''),
(3789, 228, 'Sums\'ka'),
(3790, 228, 'Ternopil\'s\'ka'),
(3791, 228, 'Volyns\'ka'),
(3792, 228, 'Vynnyts\'ka'),
(3793, 228, 'Zakarpats\'ka'),
(3794, 228, 'Zaporizhia'),
(3795, 228, 'Zhytomyrs\'ka'),
(3796, 229, 'Abu Zabi'),
(3797, 229, 'Ajman'),
(3798, 229, 'Dubai'),
(3799, 229, 'Ras al-Khaymah'),
(3800, 229, 'Sharjah'),
(3801, 229, 'Sharjha'),
(3802, 229, 'Umm al Qaywayn'),
(3803, 229, 'al-Fujayrah'),
(3804, 229, 'ash-Shariqah'),
(3805, 230, 'Aberdeen'),
(3806, 230, 'Aberdeenshire'),
(3807, 230, 'Argyll'),
(3808, 230, 'Armagh'),
(3809, 230, 'Bedfordshire'),
(3810, 230, 'Belfast'),
(3811, 230, 'Berkshire'),
(3812, 230, 'Birmingham'),
(3813, 230, 'Brechin'),
(3814, 230, 'Bridgnorth'),
(3815, 230, 'Bristol'),
(3816, 230, 'Buckinghamshire'),
(3817, 230, 'Cambridge'),
(3818, 230, 'Cambridgeshire'),
(3819, 230, 'Channel Islands'),
(3820, 230, 'Cheshire'),
(3821, 230, 'Cleveland'),
(3822, 230, 'Co Fermanagh'),
(3823, 230, 'Conwy'),
(3824, 230, 'Cornwall'),
(3825, 230, 'Coventry'),
(3826, 230, 'Craven Arms'),
(3827, 230, 'Cumbria'),
(3828, 230, 'Denbighshire'),
(3829, 230, 'Derby'),
(3830, 230, 'Derbyshire'),
(3831, 230, 'Devon'),
(3832, 230, 'Dial Code Dungannon'),
(3833, 230, 'Didcot'),
(3834, 230, 'Dorset'),
(3835, 230, 'Dunbartonshire'),
(3836, 230, 'Durham'),
(3837, 230, 'East Dunbartonshire'),
(3838, 230, 'East Lothian'),
(3839, 230, 'East Midlands'),
(3840, 230, 'East Sussex'),
(3841, 230, 'East Yorkshire'),
(3842, 230, 'England'),
(3843, 230, 'Essex'),
(3844, 230, 'Fermanagh'),
(3845, 230, 'Fife'),
(3846, 230, 'Flintshire'),
(3847, 230, 'Fulham'),
(3848, 230, 'Gainsborough'),
(3849, 230, 'Glocestershire'),
(3850, 230, 'Gwent'),
(3851, 230, 'Hampshire'),
(3852, 230, 'Hants'),
(3853, 230, 'Herefordshire'),
(3854, 230, 'Hertfordshire'),
(3855, 230, 'Ireland'),
(3856, 230, 'Isle Of Man'),
(3857, 230, 'Isle of Wight'),
(3858, 230, 'Kenford'),
(3859, 230, 'Kent'),
(3860, 230, 'Kilmarnock'),
(3861, 230, 'Lanarkshire'),
(3862, 230, 'Lancashire'),
(3863, 230, 'Leicestershire'),
(3864, 230, 'Lincolnshire'),
(3865, 230, 'Llanymynech'),
(3866, 230, 'London'),
(3867, 230, 'Ludlow'),
(3868, 230, 'Manchester'),
(3869, 230, 'Mayfair'),
(3870, 230, 'Merseyside'),
(3871, 230, 'Mid Glamorgan'),
(3872, 230, 'Middlesex'),
(3873, 230, 'Mildenhall'),
(3874, 230, 'Monmouthshire'),
(3875, 230, 'Newton Stewart'),
(3876, 230, 'Norfolk'),
(3877, 230, 'North Humberside'),
(3878, 230, 'North Yorkshire'),
(3879, 230, 'Northamptonshire'),
(3880, 230, 'Northants'),
(3881, 230, 'Northern Ireland'),
(3882, 230, 'Northumberland'),
(3883, 230, 'Nottinghamshire'),
(3884, 230, 'Oxford'),
(3885, 230, 'Powys'),
(3886, 230, 'Roos-shire'),
(3887, 230, 'SUSSEX'),
(3888, 230, 'Sark'),
(3889, 230, 'Scotland'),
(3890, 230, 'Scottish Borders'),
(3891, 230, 'Shropshire'),
(3892, 230, 'Somerset'),
(3893, 230, 'South Glamorgan'),
(3894, 230, 'South Wales'),
(3895, 230, 'South Yorkshire'),
(3896, 230, 'Southwell'),
(3897, 230, 'Staffordshire'),
(3898, 230, 'Strabane'),
(3899, 230, 'Suffolk'),
(3900, 230, 'Surrey'),
(3901, 230, 'Sussex'),
(3902, 230, 'Twickenham'),
(3903, 230, 'Tyne and Wear'),
(3904, 230, 'Tyrone'),
(3905, 230, 'Utah'),
(3906, 230, 'Wales'),
(3907, 230, 'Warwickshire'),
(3908, 230, 'West Lothian'),
(3909, 230, 'West Midlands'),
(3910, 230, 'West Sussex'),
(3911, 230, 'West Yorkshire'),
(3912, 230, 'Whissendine'),
(3913, 230, 'Wiltshire'),
(3914, 230, 'Wokingham'),
(3915, 230, 'Worcestershire'),
(3916, 230, 'Wrexham'),
(3917, 230, 'Wurttemberg'),
(3918, 230, 'Yorkshire'),
(3919, 231, 'Alabama'),
(3920, 231, 'Alaska'),
(3921, 231, 'Arizona'),
(3922, 231, 'Arkansas'),
(3923, 231, 'Byram'),
(3924, 231, 'California'),
(3925, 231, 'Cokato'),
(3926, 231, 'Colorado'),
(3927, 231, 'Connecticut'),
(3928, 231, 'Delaware'),
(3929, 231, 'District of Columbia'),
(3930, 231, 'Florida'),
(3931, 231, 'Georgia'),
(3932, 231, 'Hawaii'),
(3933, 231, 'Idaho'),
(3934, 231, 'Illinois'),
(3935, 231, 'Indiana'),
(3936, 231, 'Iowa'),
(3937, 231, 'Kansas'),
(3938, 231, 'Kentucky'),
(3939, 231, 'Louisiana'),
(3940, 231, 'Lowa'),
(3941, 231, 'Maine'),
(3942, 231, 'Maryland'),
(3943, 231, 'Massachusetts'),
(3944, 231, 'Medfield'),
(3945, 231, 'Michigan'),
(3946, 231, 'Minnesota'),
(3947, 231, 'Mississippi'),
(3948, 231, 'Missouri'),
(3949, 231, 'Montana'),
(3950, 231, 'Nebraska'),
(3951, 231, 'Nevada'),
(3952, 231, 'New Hampshire'),
(3953, 231, 'New Jersey'),
(3954, 231, 'New Jersy'),
(3955, 231, 'New Mexico'),
(3956, 231, 'New York'),
(3957, 231, 'North Carolina'),
(3958, 231, 'North Dakota'),
(3959, 231, 'Ohio'),
(3960, 231, 'Oklahoma'),
(3961, 231, 'Ontario'),
(3962, 231, 'Oregon'),
(3963, 231, 'Pennsylvania'),
(3964, 231, 'Ramey'),
(3965, 231, 'Rhode Island'),
(3966, 231, 'South Carolina'),
(3967, 231, 'South Dakota'),
(3968, 231, 'Sublimity'),
(3969, 231, 'Tennessee'),
(3970, 231, 'Texas'),
(3971, 231, 'Trimble'),
(3972, 231, 'Utah'),
(3973, 231, 'Vermont'),
(3974, 231, 'Virginia'),
(3975, 231, 'Washington'),
(3976, 231, 'West Virginia'),
(3977, 231, 'Wisconsin'),
(3978, 231, 'Wyoming'),
(3979, 232, 'United States Minor Outlying I'),
(3980, 233, 'Artigas'),
(3981, 233, 'Canelones'),
(3982, 233, 'Cerro Largo'),
(3983, 233, 'Colonia'),
(3984, 233, 'Durazno'),
(3985, 233, 'FLorida'),
(3986, 233, 'Flores'),
(3987, 233, 'Lavalleja'),
(3988, 233, 'Maldonado'),
(3989, 233, 'Montevideo'),
(3990, 233, 'Paysandu'),
(3991, 233, 'Rio Negro'),
(3992, 233, 'Rivera'),
(3993, 233, 'Rocha'),
(3994, 233, 'Salto'),
(3995, 233, 'San Jose'),
(3996, 233, 'Soriano'),
(3997, 233, 'Tacuarembo'),
(3998, 233, 'Treinta y Tres'),
(3999, 234, 'Andijon'),
(4000, 234, 'Buhoro'),
(4001, 234, 'Buxoro Viloyati'),
(4002, 234, 'Cizah'),
(4003, 234, 'Fargona'),
(4004, 234, 'Horazm'),
(4005, 234, 'Kaskadar'),
(4006, 234, 'Korakalpogiston'),
(4007, 234, 'Namangan'),
(4008, 234, 'Navoi'),
(4009, 234, 'Samarkand'),
(4010, 234, 'Sirdare'),
(4011, 234, 'Surhondar'),
(4012, 234, 'Toskent'),
(4013, 235, 'Malampa'),
(4014, 235, 'Penama'),
(4015, 235, 'Sanma'),
(4016, 235, 'Shefa'),
(4017, 235, 'Tafea'),
(4018, 235, 'Torba'),
(4019, 236, 'Vatican City State (Holy See)'),
(4020, 237, 'Amazonas'),
(4021, 237, 'Anzoategui'),
(4022, 237, 'Apure'),
(4023, 237, 'Aragua'),
(4024, 237, 'Barinas'),
(4025, 237, 'Bolivar'),
(4026, 237, 'Carabobo'),
(4027, 237, 'Cojedes'),
(4028, 237, 'Delta Amacuro'),
(4029, 237, 'Distrito Federal'),
(4030, 237, 'Falcon'),
(4031, 237, 'Guarico'),
(4032, 237, 'Lara'),
(4033, 237, 'Merida'),
(4034, 237, 'Miranda'),
(4035, 237, 'Monagas'),
(4036, 237, 'Nueva Esparta'),
(4037, 237, 'Portuguesa'),
(4038, 237, 'Sucre'),
(4039, 237, 'Tachira'),
(4040, 237, 'Trujillo'),
(4041, 237, 'Vargas'),
(4042, 237, 'Yaracuy'),
(4043, 237, 'Zulia'),
(4044, 238, 'Bac Giang'),
(4045, 238, 'Binh Dinh'),
(4046, 238, 'Binh Duong'),
(4047, 238, 'Da Nang'),
(4048, 238, 'Dong Bang Song Cuu Long'),
(4049, 238, 'Dong Bang Song Hong'),
(4050, 238, 'Dong Nai'),
(4051, 238, 'Dong Nam Bo'),
(4052, 238, 'Duyen Hai Mien Trung'),
(4053, 238, 'Hanoi'),
(4054, 238, 'Hung Yen'),
(4055, 238, 'Khu Bon Cu'),
(4056, 238, 'Long An'),
(4057, 238, 'Mien Nui Va Trung Du'),
(4058, 238, 'Thai Nguyen'),
(4059, 238, 'Thanh Pho Ho Chi Minh'),
(4060, 238, 'Thu Do Ha Noi'),
(4061, 238, 'Tinh Can Tho'),
(4062, 238, 'Tinh Da Nang'),
(4063, 238, 'Tinh Gia Lai'),
(4064, 239, 'Anegada'),
(4065, 239, 'Jost van Dyke'),
(4066, 239, 'Tortola'),
(4067, 240, 'Saint Croix'),
(4068, 240, 'Saint John'),
(4069, 240, 'Saint Thomas'),
(4070, 241, 'Alo'),
(4071, 241, 'Singave'),
(4072, 241, 'Wallis'),
(4073, 242, 'Bu Jaydur'),
(4074, 242, 'Wad-adh-Dhahab'),
(4075, 242, 'al-\'Ayun'),
(4076, 242, 'as-Samarah'),
(4077, 243, '\'Adan'),
(4078, 243, 'Abyan'),
(4079, 243, 'Dhamar'),
(4080, 243, 'Hadramaut'),
(4081, 243, 'Hajjah'),
(4082, 243, 'Hudaydah'),
(4083, 243, 'Ibb'),
(4084, 243, 'Lahij'),
(4085, 243, 'Ma\'rib'),
(4086, 243, 'Madinat San\'a'),
(4087, 243, 'Sa\'dah'),
(4088, 243, 'Sana'),
(4089, 243, 'Shabwah'),
(4090, 243, 'Ta\'izz'),
(4091, 243, 'al-Bayda'),
(4092, 243, 'al-Hudaydah'),
(4093, 243, 'al-Jawf'),
(4094, 243, 'al-Mahrah'),
(4095, 243, 'al-Mahwit'),
(4096, 244, 'Central Serbia'),
(4097, 244, 'Kosovo and Metohija'),
(4098, 244, 'Montenegro'),
(4099, 244, 'Republic of Serbia'),
(4100, 244, 'Serbia'),
(4101, 244, 'Vojvodina'),
(4102, 245, 'Central'),
(4103, 245, 'Copperbelt'),
(4104, 245, 'Eastern'),
(4105, 245, 'Luapala'),
(4106, 245, 'Lusaka'),
(4107, 245, 'North-Western'),
(4108, 245, 'Northern'),
(4109, 245, 'Southern'),
(4110, 245, 'Western'),
(4111, 246, 'Bulawayo'),
(4112, 246, 'Harare'),
(4113, 246, 'Manicaland'),
(4114, 246, 'Mashonaland Central'),
(4115, 246, 'Mashonaland East'),
(4116, 246, 'Mashonaland West'),
(4117, 246, 'Masvingo'),
(4118, 246, 'Matabeleland North'),
(4119, 246, 'Matabeleland South'),
(4120, 246, 'Midlands');

-- --------------------------------------------------------

--
-- Table structure for table `tbl_employee_data_entry`
--

CREATE TABLE `tbl_employee_data_entry` (
  `id` int(10) UNSIGNED NOT NULL,
  `employee_id` int(10) UNSIGNED NOT NULL,
  `personal` enum('0','1') COLLATE utf8_unicode_ci NOT NULL DEFAULT '0',
  `contact` enum('0','1') COLLATE utf8_unicode_ci NOT NULL DEFAULT '0',
  `bank` enum('0','1') COLLATE utf8_unicode_ci NOT NULL DEFAULT '0',
  `official` enum('0','1') COLLATE utf8_unicode_ci NOT NULL DEFAULT '0',
  `document` enum('0','1') COLLATE utf8_unicode_ci NOT NULL DEFAULT '0',
  `created_at` timestamp NULL DEFAULT NULL,
  `updated_at` timestamp NULL DEFAULT NULL
) ENGINE=InnoDB DEFAULT CHARSET=utf8 COLLATE=utf8_unicode_ci;

-- --------------------------------------------------------

--
-- Table structure for table `tickets`
--

CREATE TABLE `tickets` (
  `id` int(11) NOT NULL,
  `ticket_no` bigint(20) DEFAULT NULL,
  `department_id` int(11) DEFAULT NULL,
  `ticket_subject` varchar(200) COLLATE utf8_unicode_ci NOT NULL,
  `ticket_description` text COLLATE utf8_unicode_ci NOT NULL,
  `ticket_status` varchar(100) COLLATE utf8_unicode_ci NOT NULL DEFAULT 'open',
  `ticket_priority` enum('low','medium','high','critical') COLLATE utf8_unicode_ci NOT NULL DEFAULT 'low',
  `ticket_type_id` int(11) DEFAULT NULL,
  `user_id` int(11) UNSIGNED NOT NULL,
  `response_due_time` timestamp NULL DEFAULT NULL,
  `resolution_due_time` timestamp NULL DEFAULT NULL,
  `responded` int(11) NOT NULL DEFAULT '0',
  `resolved` int(11) NOT NULL DEFAULT '0',
  `created_at` timestamp NOT NULL DEFAULT CURRENT_TIMESTAMP,
  `updated_at` timestamp NULL DEFAULT NULL
) ENGINE=InnoDB DEFAULT CHARSET=utf8 COLLATE=utf8_unicode_ci;

--
-- Dumping data for table `tickets`
--

INSERT INTO `tickets` (`id`, `ticket_no`, `department_id`, `ticket_subject`, `ticket_description`, `ticket_status`, `ticket_priority`, `ticket_type_id`, `user_id`, `response_due_time`, `resolution_due_time`, `responded`, `resolved`, `created_at`, `updated_at`) VALUES
(7, 1, 1, 'Journal', 'NOT WORKING', 'open', 'medium', 1, 130, '2017-01-27 15:57:00', '2017-01-28 15:57:00', 0, 0, '2017-01-26 15:57:39', '2017-01-26 15:57:39'),
(8, 2, 1, 'bug', 'i have a bug', 'open', 'low', 1, 127, '2017-01-28 16:56:00', '2017-01-31 16:56:00', 0, 0, '2017-01-26 16:56:05', '2017-01-26 16:56:05');

-- --------------------------------------------------------

--
-- Table structure for table `ticket_responses`
--

CREATE TABLE `ticket_responses` (
  `id` int(11) NOT NULL,
  `ticket_id` int(11) NOT NULL,
  `user_id` int(11) UNSIGNED NOT NULL,
  `response_description` text COLLATE utf8_unicode_ci NOT NULL,
  `set_response_time` timestamp NULL DEFAULT NULL,
  `set_resolution_time` timestamp NULL DEFAULT NULL,
  `attachments` text COLLATE utf8_unicode_ci,
  `created_at` timestamp NOT NULL DEFAULT CURRENT_TIMESTAMP,
  `updated_at` timestamp NULL DEFAULT NULL
) ENGINE=InnoDB DEFAULT CHARSET=utf8 COLLATE=utf8_unicode_ci;

-- --------------------------------------------------------

--
-- Table structure for table `ticket_types`
--

CREATE TABLE `ticket_types` (
  `id` int(11) NOT NULL,
  `ticket_type_name` varchar(200) COLLATE utf8_unicode_ci NOT NULL,
  `ticket_type_description` text COLLATE utf8_unicode_ci,
  `created_at` timestamp NOT NULL DEFAULT CURRENT_TIMESTAMP,
  `updated_at` timestamp NULL DEFAULT NULL
) ENGINE=InnoDB DEFAULT CHARSET=utf8 COLLATE=utf8_unicode_ci;

--
-- Dumping data for table `ticket_types`
--

INSERT INTO `ticket_types` (`id`, `ticket_type_name`, `ticket_type_description`, `created_at`, `updated_at`) VALUES
(1, 'Bug Reporting', NULL, '2015-11-15 19:12:30', '2015-11-15 19:12:30'),
(2, 'Suggestions', NULL, '2015-11-15 19:12:45', '2015-11-15 19:12:45'),
(3, 'Install Support', NULL, '2015-11-15 19:13:10', '2015-11-15 19:13:10');

-- --------------------------------------------------------

--
-- Table structure for table `todos`
--

CREATE TABLE `todos` (
  `id` int(11) NOT NULL,
  `user_id` int(10) UNSIGNED NOT NULL,
  `visibility` enum('public','private') COLLATE utf8_unicode_ci NOT NULL DEFAULT 'private',
  `todo_title` text COLLATE utf8_unicode_ci NOT NULL,
  `todo_description` text COLLATE utf8_unicode_ci,
  `date` date NOT NULL,
  `created_at` timestamp NOT NULL DEFAULT CURRENT_TIMESTAMP ON UPDATE CURRENT_TIMESTAMP,
  `updated_at` timestamp NOT NULL DEFAULT '0000-00-00 00:00:00'
) ENGINE=InnoDB DEFAULT CHARSET=utf8 COLLATE=utf8_unicode_ci;

-- --------------------------------------------------------

--
-- Table structure for table `users`
--

CREATE TABLE `users` (
  `id` int(10) UNSIGNED NOT NULL,
  `email` varchar(255) COLLATE utf8_unicode_ci NOT NULL,
  `password` varchar(60) COLLATE utf8_unicode_ci NOT NULL,
  `active` tinyint(4) NOT NULL,
  `confirmed` int(11) NOT NULL,
  `online_status` tinyint(4) NOT NULL,
  `confirmation_code` varchar(255) COLLATE utf8_unicode_ci NOT NULL,
  `mobile_confirmation_code` varchar(50) COLLATE utf8_unicode_ci DEFAULT NULL,
  `user_hash` text COLLATE utf8_unicode_ci NOT NULL,
  `last_active_time` int(11) NOT NULL,
  `last_login` timestamp NOT NULL DEFAULT CURRENT_TIMESTAMP ON UPDATE CURRENT_TIMESTAMP,
  `last_login_ip` varchar(255) COLLATE utf8_unicode_ci NOT NULL,
  `flag` enum('Active','Deactivated') COLLATE utf8_unicode_ci NOT NULL,
  `remember_token` varchar(100) COLLATE utf8_unicode_ci DEFAULT NULL,
  `provider` varchar(255) COLLATE utf8_unicode_ci NOT NULL,
  `created_at` timestamp NULL DEFAULT NULL,
  `updated_at` timestamp NULL DEFAULT NULL,
  `session_id` varchar(255) COLLATE utf8_unicode_ci DEFAULT '',
  `is_first_login` enum('0','1') COLLATE utf8_unicode_ci DEFAULT '0'
) ENGINE=InnoDB DEFAULT CHARSET=utf8 COLLATE=utf8_unicode_ci;

--
-- Dumping data for table `users`
--

INSERT INTO `users` (`id`, `email`, `password`, `active`, `confirmed`, `online_status`, `confirmation_code`, `mobile_confirmation_code`, `user_hash`, `last_active_time`, `last_login`, `last_login_ip`, `flag`, `remember_token`, `provider`, `created_at`, `updated_at`, `session_id`, `is_first_login`) VALUES
(1, 'admin@mail.com', '$2y$10$Mxsje0momUzJzt5BbY4dcOw.lVCAaY/jz/7xKOiISy4Qb6JRWRsfu', 1, 1, 1, '', NULL, '', 0, '2017-06-19 10:05:45', '41.204.224.219', 'Active', 'qJPbNUCFw6PjDr8SFrUWgVPfQPCusZ7vLOaZdct46shI1OFOTWi3lOhNpguS', '', '2016-06-25 10:55:45', '2017-04-13 17:47:06', NULL, '0'),
(2, 'j2@g.com', '$2y$10$A3kyOciokpjsIFDXeQcT9eJTGhv1Xu1e6txqgqQuVvXM3/Ubm4T1G', 1, 1, 0, 'mwrRVJgpIa190dOKnE3yl5vQWb7sMHB2iZSP64czeuGoUt2YXLDACfkqTNx8jhF1', NULL, 'rCbRZjiOOIMGcd6sCqcmgl7gS3xZlYOy4hmSWyFF', 1508246495, '2017-10-17 13:21:35', '', 'Active', 'B12AQwpt8K2fsJsri35q5PAvPxHy9bQ1PPJaLbxMktsHMQUa4y7Mkxh8dGFz', '', '2017-09-26 10:10:31', '2017-10-17 12:21:35', '', '1'),
(3, 'b@g.com', '$2y$10$ClBqNWRixas6AWmhNEeM6.Lbt81nC3INgec52hVDsZYg6lfMp5Qrq', 1, 1, 1, 'rOKhEwL6bsBX2cxNIWdSDYpk9CQzntaqei03Z1fMo4GRV2lP5gv1UJFu7AmHj8yT', NULL, 'BdPEI4RbCz7RUIazlSsuDwlZHCsUmW1H4ypB9V8J', 0, '2017-10-17 13:26:27', '', 'Active', 'GraUQkWxh1ns6Am1w4BH13e5xxCjveBkRgmOzk46UNnQ5mFIm95jpW2a73Vo', '', '2017-10-17 12:23:16', '2017-10-17 12:26:27', '', '1');

-- --------------------------------------------------------

--
-- Table structure for table `users_2`
--

CREATE TABLE `users_2` (
  `id` int(10) UNSIGNED NOT NULL,
  `name` varchar(100) COLLATE utf8_unicode_ci DEFAULT NULL,
  `username` varchar(100) COLLATE utf8_unicode_ci DEFAULT NULL,
  `email` varchar(255) COLLATE utf8_unicode_ci NOT NULL,
  `password` varchar(255) COLLATE utf8_unicode_ci NOT NULL,
  `remember_token` varchar(255) COLLATE utf8_unicode_ci DEFAULT NULL,
  `confirmation_code` varchar(200) COLLATE utf8_unicode_ci DEFAULT NULL,
  `confirmed` int(11) NOT NULL DEFAULT '0',
  `provider` varchar(100) COLLATE utf8_unicode_ci DEFAULT NULL,
  `active` tinyint(1) NOT NULL DEFAULT '1',
  `online_status` tinyint(1) DEFAULT NULL,
  `created_at` timestamp NOT NULL DEFAULT CURRENT_TIMESTAMP,
  `updated_at` timestamp NOT NULL DEFAULT '0000-00-00 00:00:00',
  `last_login` timestamp NULL DEFAULT NULL,
  `last_login_ip` varchar(100) COLLATE utf8_unicode_ci DEFAULT NULL
) ENGINE=InnoDB DEFAULT CHARSET=utf8 COLLATE=utf8_unicode_ci;

-- --------------------------------------------------------

--
-- Table structure for table `user_license_packages`
--

CREATE TABLE `user_license_packages` (
  `id` int(11) NOT NULL,
  `role_id` int(11) NOT NULL,
  `title` varchar(255) NOT NULL,
  `slug` varchar(255) NOT NULL,
  `description` text NOT NULL,
  `is_default` tinyint(1) NOT NULL DEFAULT '0' COMMENT '0 = No; 1 = Yes',
  `no_of_users` varchar(11) NOT NULL,
  `price` varchar(255) NOT NULL DEFAULT '0',
  `duration` varchar(255) NOT NULL DEFAULT '0',
  `duration_type` varchar(255) NOT NULL,
  `status` tinyint(1) NOT NULL DEFAULT '1' COMMENT '0 = Not active; 1 = Active',
  `created_at` timestamp NOT NULL DEFAULT '0000-00-00 00:00:00',
  `updated_at` timestamp NOT NULL DEFAULT '0000-00-00 00:00:00',
  `annual_price` varchar(255) DEFAULT NULL,
  `type_id` int(11) DEFAULT NULL
) ENGINE=InnoDB DEFAULT CHARSET=utf8;

--
-- Dumping data for table `user_license_packages`
--

INSERT INTO `user_license_packages` (`id`, `role_id`, `title`, `slug`, `description`, `is_default`, `no_of_users`, `price`, `duration`, `duration_type`, `status`, `created_at`, `updated_at`, `annual_price`, `type_id`) VALUES
(2, 4, 'BMAC Basic', 'bmac-basic', 'Default package for Business Owners', 1, '2', '0', '1', 'year', 1, '2017-08-14 12:53:53', '2017-08-21 08:33:37', '14999', 4),
(3, 4, 'BMAC Silver', 'bmac-silver', 'Advance package for Business Owners', 0, '5', '29999', '1', 'year', 1, '2017-08-14 14:16:54', '2017-08-21 08:37:36', '15999', 4),
(4, 4, 'BMAC Gold', 'bmac-gold', 'Premium package for Business Owners. ', 0, '10', '39999', '1', 'year', 1, '2017-08-14 14:17:00', '2017-08-21 08:45:17', '25999', 4),
(6, 4, 'BMAC Diamond', 'bmac-diamond', 'Diamond user of the BMAC', 0, '20', '49999', '1', 'year', 1, '2017-08-14 14:17:03', '2017-08-21 08:46:21', '39999', 4),
(7, 4, 'BMAC Platinum', 'bmac-platinum', 'Platinum Package for BMAC user', 0, '1000', '54999', '1', 'year', 1, '2017-08-14 14:17:07', '2017-08-21 08:47:16', '49999', 4),
(8, 4, 'IMS Basic', 'ims-basic', 'Basic package for Inventory Management System', 1, '19', '49999', '1', 'year', 1, '2016-12-20 17:35:31', '2017-08-21 11:07:28', '39999', 1),
(9, 4, 'IMS Silver', 'ims-silver', 'Silver package for Inventory Management', 0, '49', '49999', '1', 'year', 1, '2016-12-20 17:36:42', '2017-08-21 11:00:10', '74999', 1),
(10, 4, 'IMS Gold', 'ims-gold', 'Gold package for advanced BMAC user', 0, '100', '49999', '1', 'year', 1, '2017-01-27 13:11:38', '2017-08-21 11:06:53', '199999', 1),
(11, 4, 'BMAC Basic Ass. Line', 'bmac-basic-ass-line', 'Monthly Assembly Line for 2 Users of BMAC', 0, '2', '14999', '1', 'month', 1, '2017-08-21 10:46:58', '2017-08-21 10:46:58', '', 5),
(12, 4, 'BMAC Silver Ass. Line', 'bmac-silver-ass-line', 'Monthly Assembly Line for 5 USers of BMAC', 0, '5', '29999', '1', 'month', 1, '2017-08-21 10:50:03', '2017-08-21 10:50:03', '', 5),
(13, 4, 'IMS DIAMOND ', 'ims-diamond-', 'Above a 100 Product line Package of IMS', 0, '1000', '49999', '1', 'year', 1, '2017-08-21 16:08:07', '2017-08-21 16:32:49', '399999', 1),
(14, 4, 'IMS Basic (Desktop Inst.)', 'ims-basic-desktop-inst-', 'Desktop installation for IMS', 0, '19', '19999', '0', 'year', 1, '2017-08-21 16:09:54', '2017-08-21 16:27:54', '', 3),
(15, 4, 'IMS Silver (Desktop Inst.)', 'ims-silver-desktop-inst-', 'Desktop Installation for IMS ', 0, '49', '38999', '0', 'year', 1, '2017-08-21 16:19:22', '2017-08-21 16:28:29', '', 3),
(16, 4, 'IMS GOLD (Desktop Inst.)', 'ims-gold-desktop-inst-', 'Desktop installation for IMS gold plan', 0, '100', '99999', '1', 'year', 1, '2017-08-21 16:45:51', '2017-08-21 16:45:51', '', 3),
(17, 4, 'IMS Diamond (Desktop Inst.)', 'ims-diamond-desktop-inst-', 'Above 100 product line desktop installation', 0, '1000', '149999', '1', 'year', 1, '2017-08-21 16:59:38', '2017-08-21 16:59:38', '', 3),
(18, 4, 'HR Basic', 'hr-basic', 'Human resources of up to 10 Employees', 0, '10', '19999', '1', 'year', 1, '2017-08-21 17:17:41', '2017-08-21 17:17:41', '39999', 7),
(19, 4, 'HR Silver', 'hr-silver', 'Human resources for up to 20 Employees', 0, '20', '29999', '1', 'year', 1, '2017-08-21 17:19:18', '2017-08-21 17:19:18', '44999', 7),
(20, 4, 'HR Diamond', 'hr-diamond', 'Human resources up to 30 Employees', 0, '50', '79999', '1', 'year', 1, '2017-08-21 17:26:15', '2017-08-21 17:31:31', '69999', 7),
(21, 4, 'HR Rhuthenium', 'hr-rhuthenium', 'Human resources for up to 30 Employees', 0, '30', '49999', '1', 'year', 1, '2017-08-21 17:32:55', '2017-08-22 09:09:31', '54999', 7),
(22, 4, 'HR Gold', 'hr-gold', 'Human resources for up to 100 employees', 0, '100', '149999', '1', 'year', 1, '2017-08-22 08:29:30', '2017-08-22 09:08:53', '119999', 7),
(23, 4, 'HR PLATINUM', 'hr-platinum', 'Human resources for up to 200 employees', 0, '200', '224999', '1', 'year', 1, '2017-08-22 08:59:59', '2017-08-22 09:08:16', '149999', 7),
(24, 4, 'HR Rhodium', 'hr-rhodium', 'Human resources for up to 300 employees', 0, '300', '274999', '1', 'year', 1, '2017-08-22 09:07:08', '2017-08-22 09:07:08', '199999', 7);

-- --------------------------------------------------------

--
-- Table structure for table `user_license_subscribers`
--

CREATE TABLE `user_license_subscribers` (
  `id` int(11) NOT NULL,
  `user_id` int(11) NOT NULL,
  `license_id` int(11) NOT NULL,
  `expiry_date` datetime DEFAULT NULL,
  `count` int(11) DEFAULT '0',
  `created_at` timestamp NOT NULL DEFAULT CURRENT_TIMESTAMP ON UPDATE CURRENT_TIMESTAMP,
  `updated_at` timestamp NOT NULL DEFAULT '0000-00-00 00:00:00'
) ENGINE=InnoDB DEFAULT CHARSET=utf8;

--
-- Dumping data for table `user_license_subscribers`
--

INSERT INTO `user_license_subscribers` (`id`, `user_id`, `license_id`, `expiry_date`, `count`, `created_at`, `updated_at`) VALUES
(3, 20, 2, NULL, NULL, '2016-12-20 12:22:34', '0000-00-00 00:00:00'),
(4, 25, 2, NULL, NULL, '2016-12-20 12:22:34', '0000-00-00 00:00:00'),
(5, 26, 8, NULL, NULL, '2016-12-20 12:22:34', '0000-00-00 00:00:00'),
(6, 27, 8, NULL, NULL, '2016-12-20 12:22:34', '0000-00-00 00:00:00'),
(7, 28, 2, NULL, NULL, '2016-12-20 12:22:34', '0000-00-00 00:00:00'),
(8, 29, 2, NULL, NULL, '2016-12-20 12:22:34', '0000-00-00 00:00:00'),
(9, 31, 2, NULL, NULL, '2016-12-20 12:22:34', '0000-00-00 00:00:00'),
(10, 36, 6, NULL, NULL, '2016-12-20 12:22:34', '0000-00-00 00:00:00'),
(11, 39, 2, NULL, NULL, '2016-12-20 12:22:34', '0000-00-00 00:00:00'),
(12, 40, 2, NULL, NULL, '2016-12-20 12:22:34', '0000-00-00 00:00:00'),
(13, 41, 2, NULL, NULL, '2016-12-20 12:22:34', '0000-00-00 00:00:00'),
(14, 42, 2, NULL, NULL, '2016-12-20 12:22:34', '0000-00-00 00:00:00'),
(15, 44, 2, NULL, NULL, '2016-12-20 12:22:34', '0000-00-00 00:00:00'),
(16, 45, 2, NULL, NULL, '2016-12-20 12:22:34', '0000-00-00 00:00:00'),
(17, 47, 4, NULL, NULL, '2016-12-21 17:23:01', '2016-12-21 16:23:01'),
(18, 49, 6, NULL, NULL, '2016-12-20 12:22:34', '0000-00-00 00:00:00'),
(19, 50, 2, NULL, NULL, '2016-12-20 12:22:34', '0000-00-00 00:00:00'),
(20, 52, 4, NULL, NULL, '2016-12-20 12:22:34', '0000-00-00 00:00:00'),
(21, 53, 2, NULL, NULL, '2017-01-17 14:00:43', '2017-01-17 13:00:43'),
(22, 54, 2, NULL, NULL, '2016-12-20 12:22:34', '0000-00-00 00:00:00'),
(23, 55, 6, NULL, NULL, '2016-12-20 12:40:30', '0000-00-00 00:00:00'),
(24, 56, 4, NULL, NULL, '2016-12-20 12:40:30', '0000-00-00 00:00:00'),
(25, 57, 6, NULL, NULL, '2016-12-20 12:40:30', '0000-00-00 00:00:00'),
(26, 58, 4, NULL, NULL, '2016-12-20 12:40:30', '0000-00-00 00:00:00'),
(27, 59, 6, NULL, NULL, '2016-12-20 12:40:30', '0000-00-00 00:00:00'),
(28, 60, 2, NULL, NULL, '2016-12-20 12:40:30', '0000-00-00 00:00:00'),
(29, 61, 2, NULL, NULL, '2016-12-20 12:40:30', '0000-00-00 00:00:00'),
(30, 62, 2, NULL, NULL, '2016-12-20 12:40:30', '0000-00-00 00:00:00'),
(31, 63, 2, NULL, NULL, '2016-12-20 12:40:30', '0000-00-00 00:00:00'),
(32, 64, 2, NULL, NULL, '2016-12-20 12:40:30', '0000-00-00 00:00:00'),
(33, 65, 2, NULL, NULL, '2016-12-20 12:40:30', '0000-00-00 00:00:00'),
(34, 66, 2, NULL, NULL, '2016-12-20 12:40:30', '0000-00-00 00:00:00'),
(35, 67, 2, NULL, NULL, '2016-12-20 12:40:30', '0000-00-00 00:00:00'),
(36, 68, 2, NULL, NULL, '2016-12-20 12:40:30', '0000-00-00 00:00:00'),
(37, 69, 2, NULL, NULL, '2016-12-20 12:40:30', '0000-00-00 00:00:00'),
(38, 71, 2, NULL, NULL, '2016-12-20 12:40:30', '0000-00-00 00:00:00'),
(39, 73, 2, NULL, NULL, '2016-12-20 12:40:30', '0000-00-00 00:00:00'),
(40, 74, 2, NULL, NULL, '2016-12-20 12:40:30', '0000-00-00 00:00:00'),
(41, 75, 2, NULL, NULL, '2016-12-20 12:40:30', '0000-00-00 00:00:00'),
(42, 76, 9, NULL, NULL, '2016-12-20 12:40:30', '0000-00-00 00:00:00'),
(43, 77, 2, NULL, NULL, '2016-12-20 12:40:30', '0000-00-00 00:00:00'),
(44, 78, 2, NULL, NULL, '2016-12-20 12:40:30', '0000-00-00 00:00:00'),
(45, 79, 2, NULL, NULL, '2016-12-20 12:40:30', '0000-00-00 00:00:00'),
(46, 80, 2, NULL, NULL, '2016-12-20 12:40:30', '0000-00-00 00:00:00'),
(47, 81, 2, NULL, NULL, '2016-12-20 12:40:30', '0000-00-00 00:00:00'),
(48, 82, 2, NULL, NULL, '2016-12-20 12:40:30', '0000-00-00 00:00:00'),
(49, 83, 2, NULL, NULL, '2016-12-20 12:40:30', '0000-00-00 00:00:00'),
(50, 84, 2, NULL, NULL, '2016-12-20 12:40:30', '0000-00-00 00:00:00'),
(51, 86, 2, NULL, NULL, '2016-12-20 12:40:30', '0000-00-00 00:00:00'),
(52, 87, 2, NULL, NULL, '2016-12-20 12:40:30', '0000-00-00 00:00:00'),
(53, 88, 2, NULL, NULL, '2016-12-20 12:40:30', '0000-00-00 00:00:00'),
(54, 89, 2, NULL, NULL, '2016-12-20 12:40:30', '0000-00-00 00:00:00'),
(55, 90, 8, NULL, NULL, '2016-12-20 12:40:30', '0000-00-00 00:00:00'),
(56, 91, 2, NULL, NULL, '2016-12-20 12:40:30', '0000-00-00 00:00:00'),
(57, 92, 2, NULL, NULL, '2016-12-20 12:40:30', '0000-00-00 00:00:00'),
(58, 93, 2, NULL, NULL, '2016-12-20 12:40:30', '0000-00-00 00:00:00'),
(59, 94, 2, NULL, NULL, '2017-01-25 14:06:56', '2017-01-25 13:06:56'),
(60, 96, 2, NULL, NULL, '2016-12-20 12:42:29', '0000-00-00 00:00:00'),
(61, 97, 2, NULL, NULL, '2016-12-20 12:42:29', '0000-00-00 00:00:00'),
(62, 98, 2, NULL, NULL, '2016-12-20 12:42:29', '0000-00-00 00:00:00'),
(63, 99, 2, NULL, NULL, '2016-12-20 12:42:29', '0000-00-00 00:00:00'),
(64, 100, 8, NULL, NULL, '2016-12-20 12:42:29', '0000-00-00 00:00:00'),
(65, 101, 2, NULL, NULL, '2016-12-20 12:42:29', '0000-00-00 00:00:00'),
(66, 102, 8, NULL, NULL, '2016-12-20 12:42:29', '0000-00-00 00:00:00'),
(67, 103, 8, NULL, NULL, '2016-12-20 12:42:29', '0000-00-00 00:00:00'),
(68, 104, 2, NULL, NULL, '2016-12-20 12:42:29', '0000-00-00 00:00:00'),
(69, 105, 2, NULL, NULL, '2016-12-20 12:42:29', '0000-00-00 00:00:00'),
(70, 106, 2, NULL, NULL, '2016-12-20 12:42:29', '0000-00-00 00:00:00'),
(71, 111, 2, NULL, NULL, '2016-12-23 13:23:57', '2016-12-23 13:23:57'),
(72, 112, 2, NULL, NULL, '2016-12-23 13:32:09', '2016-12-23 13:32:09'),
(73, 113, 2, NULL, NULL, '2016-12-24 18:19:19', '2016-12-24 18:19:19'),
(74, 114, 2, NULL, NULL, '2016-12-28 14:46:42', '2016-12-28 14:46:42'),
(75, 115, 2, NULL, NULL, '2016-12-30 12:51:15', '2016-12-30 12:51:15'),
(76, 116, 2, NULL, NULL, '2017-01-03 10:19:38', '2017-01-03 10:19:38'),
(77, 117, 8, NULL, NULL, '2017-01-03 11:12:38', '2017-01-03 11:12:38'),
(78, 118, 6, NULL, NULL, '2017-01-03 11:51:35', '2017-01-03 11:51:35'),
(79, 119, 2, NULL, NULL, '2017-01-03 13:45:56', '2017-01-03 13:45:56'),
(80, 120, 2, NULL, NULL, '2017-01-04 12:52:11', '2017-01-04 12:52:11'),
(81, 121, 2, NULL, NULL, '2017-01-06 12:11:22', '2017-01-06 12:11:22'),
(82, 122, 8, NULL, NULL, '2017-01-11 12:30:29', '2017-01-11 12:30:29'),
(83, 123, 8, NULL, NULL, '2017-01-11 12:46:29', '2017-01-11 12:46:29'),
(84, 126, 8, NULL, NULL, '2017-01-17 14:58:11', '2017-01-17 14:58:11'),
(85, 127, 4, '2017-02-25 00:00:00', NULL, '2017-01-26 17:24:52', '2017-01-26 16:24:52'),
(86, 128, 2, NULL, NULL, '2017-01-18 10:11:15', '2017-01-18 10:11:15'),
(87, 129, 2, NULL, NULL, '2017-01-19 15:10:39', '2017-01-19 15:10:39'),
(88, 130, 3, '2017-02-25 00:00:00', NULL, '2017-01-26 12:04:36', '2017-01-26 11:04:36'),
(89, 131, 2, NULL, NULL, '2017-01-23 12:47:51', '2017-01-23 12:47:51'),
(90, 132, 2, NULL, NULL, '2017-01-23 14:30:23', '2017-01-23 14:30:23'),
(91, 133, 2, NULL, NULL, '2017-01-24 23:29:58', '2017-01-24 23:29:58'),
(92, 146, 2, NULL, NULL, '2017-01-26 12:00:39', '2017-01-26 12:00:39'),
(93, 147, 6, NULL, NULL, '2017-01-26 12:21:37', '2017-01-26 12:21:37'),
(94, 152, 8, NULL, NULL, '2017-01-27 10:25:12', '2017-01-27 10:25:12'),
(95, 153, 2, NULL, NULL, '2017-01-28 10:08:40', '2017-01-28 10:08:40'),
(96, 154, 4, '2017-04-06 00:00:00', NULL, '2017-03-07 17:05:24', '2017-03-07 16:05:24'),
(97, 155, 8, NULL, NULL, '2017-02-03 14:59:14', '2017-02-03 14:59:14'),
(98, 156, 2, NULL, 0, '2017-02-13 15:10:28', '2017-02-13 15:10:28'),
(99, 160, 2, NULL, 0, '2017-02-22 13:19:17', '2017-02-22 13:19:17'),
(100, 161, 2, NULL, 0, '2017-02-22 13:20:21', '2017-02-22 13:20:21'),
(101, 162, 2, NULL, 0, '2017-02-22 13:20:55', '2017-02-22 13:20:55'),
(102, 163, 2, NULL, 0, '2017-02-22 13:21:39', '2017-02-22 13:21:39'),
(103, 164, 2, NULL, 0, '2017-02-22 13:21:43', '2017-02-22 13:21:43'),
(104, 165, 2, NULL, 0, '2017-02-22 13:21:47', '2017-02-22 13:21:47'),
(105, 166, 6, NULL, 0, '2017-02-22 13:22:27', '2017-02-22 13:22:27'),
(106, 167, 2, NULL, 0, '2017-02-22 13:23:16', '2017-02-22 13:23:16'),
(107, 168, 2, NULL, 0, '2017-02-22 13:23:36', '2017-02-22 13:23:36'),
(108, 169, 2, NULL, 0, '2017-02-22 13:31:09', '2017-02-22 13:31:09'),
(109, 170, 2, NULL, 0, '2017-02-22 13:38:03', '2017-02-22 13:38:03'),
(110, 171, 2, NULL, 0, '2017-02-22 13:45:50', '2017-02-22 13:45:50'),
(111, 172, 2, NULL, 0, '2017-02-22 13:54:01', '2017-02-22 13:54:01'),
(112, 173, 2, NULL, 0, '2017-02-22 13:59:43', '2017-02-22 13:59:43'),
(113, 174, 2, NULL, 0, '2017-02-22 14:05:03', '2017-02-22 14:05:03'),
(114, 175, 2, NULL, 0, '2017-02-22 14:21:00', '2017-02-22 14:21:00'),
(115, 176, 2, NULL, 0, '2017-02-23 13:53:09', '2017-02-23 13:53:09'),
(116, 177, 2, NULL, 1, '2017-02-27 10:35:49', '2017-02-27 10:35:49'),
(117, 178, 2, NULL, 1, '2017-02-27 10:36:19', '2017-02-27 10:36:19'),
(118, 179, 8, NULL, 1, '2017-02-27 10:49:41', '2017-02-27 10:49:41'),
(119, 181, 2, NULL, 1, '2017-02-27 13:58:33', '2017-02-27 13:58:33'),
(120, 182, 2, NULL, 1, '2017-02-28 09:19:54', '2017-02-28 09:19:54'),
(121, 183, 2, NULL, 0, '2017-02-28 10:11:16', '2017-02-28 10:11:16'),
(122, 185, 2, NULL, 0, '2017-03-01 12:26:49', '2017-03-01 12:26:49'),
(123, 186, 2, NULL, 0, '2017-03-01 18:21:28', '2017-03-01 18:21:28'),
(124, 187, 2, NULL, 1, '2017-03-03 11:52:34', '2017-03-03 11:52:34'),
(125, 188, 8, NULL, 1, '2017-03-06 07:26:28', '2017-03-06 07:26:28'),
(126, 189, 2, NULL, 1, '2017-03-06 17:04:50', '2017-03-06 17:04:50'),
(127, 190, 2, NULL, 1, '2017-03-07 16:07:19', '2017-03-07 16:07:19'),
(128, 191, 2, NULL, 1, '2017-03-09 13:56:45', '2017-03-09 13:56:45'),
(129, 192, 2, NULL, 1, '2017-03-09 15:56:16', '2017-03-09 15:56:16'),
(130, 193, 2, NULL, 1, '2017-03-09 17:20:15', '2017-03-09 17:20:15'),
(131, 194, 2, NULL, 1, '2017-03-11 17:35:49', '2017-03-11 17:35:49'),
(132, 195, 2, NULL, 1, '2017-03-12 16:00:25', '2017-03-12 16:00:25'),
(133, 196, 2, NULL, 1, '2017-03-17 10:33:51', '2017-03-17 10:33:51'),
(134, 197, 2, NULL, 2, '2017-03-19 16:21:01', '2017-03-19 15:21:01'),
(135, 199, 2, NULL, 1, '2017-03-17 16:46:44', '2017-03-17 16:46:44'),
(136, 200, 2, NULL, 1, '2017-03-17 16:46:56', '2017-03-17 16:46:56'),
(137, 201, 2, NULL, 1, '2017-03-17 16:47:15', '2017-03-17 16:47:15'),
(138, 202, 2, NULL, 1, '2017-03-17 16:51:26', '2017-03-17 16:51:26'),
(139, 203, 2, NULL, 1, '2017-03-17 16:57:16', '2017-03-17 16:57:16'),
(140, 204, 2, NULL, 1, '2017-03-17 17:00:34', '2017-03-17 17:00:34'),
(141, 205, 2, NULL, 1, '2017-03-18 04:42:39', '2017-03-18 04:42:39'),
(142, 207, 2, NULL, 1, '2017-03-19 06:10:32', '2017-03-19 06:10:32'),
(143, 208, 2, NULL, 1, '2017-03-19 07:54:37', '2017-03-19 07:54:37'),
(144, 210, 2, NULL, 1, '2017-03-19 20:09:18', '2017-03-19 20:09:18'),
(145, 211, 2, NULL, 1, '2017-03-19 22:02:26', '2017-03-19 22:02:26'),
(146, 212, 2, NULL, 1, '2017-03-19 23:00:17', '2017-03-19 23:00:17'),
(147, 213, 2, NULL, 1, '2017-03-20 09:58:01', '2017-03-20 09:58:01'),
(148, 216, 2, NULL, 1, '2017-03-20 21:38:41', '2017-03-20 21:38:41'),
(149, 217, 2, NULL, 1, '2017-03-20 21:44:17', '2017-03-20 21:44:17'),
(150, 218, 2, NULL, 1, '2017-03-20 21:57:04', '2017-03-20 21:57:04'),
(151, 219, 2, NULL, 1, '2017-03-20 22:07:22', '2017-03-20 22:07:22'),
(152, 220, 2, NULL, 1, '2017-03-20 22:25:46', '2017-03-20 22:25:46'),
(153, 221, 2, NULL, 1, '2017-03-21 10:52:32', '2017-03-21 10:52:32'),
(154, 222, 2, NULL, 1, '2017-03-21 10:54:16', '2017-03-21 10:54:16'),
(155, 223, 2, NULL, 1, '2017-03-21 10:54:39', '2017-03-21 10:54:39'),
(156, 224, 2, NULL, 1, '2017-03-21 11:15:22', '2017-03-21 11:15:22'),
(157, 225, 2, NULL, 1, '2017-03-21 11:15:34', '2017-03-21 11:15:34'),
(158, 226, 2, NULL, 1, '2017-03-21 13:07:02', '2017-03-21 13:07:02'),
(159, 227, 2, NULL, 1, '2017-03-21 13:43:31', '2017-03-21 13:43:31'),
(160, 228, 2, NULL, 1, '2017-03-21 14:14:55', '2017-03-21 14:14:55'),
(161, 229, 8, NULL, 1, '2017-03-21 16:39:18', '2017-03-21 16:39:18'),
(162, 230, 2, NULL, 1, '2017-03-22 07:40:05', '2017-03-22 07:40:05'),
(163, 231, 2, NULL, 1, '2017-03-22 11:47:23', '2017-03-22 11:47:23'),
(164, 232, 2, NULL, 1, '2017-03-22 15:23:32', '2017-03-22 15:23:32'),
(165, 233, 6, NULL, 1, '2017-03-23 16:33:37', '2017-03-23 16:33:37'),
(166, 234, 2, NULL, 1, '2017-03-23 16:39:37', '2017-03-23 16:39:37'),
(167, 235, 2, NULL, 1, '2017-03-24 09:45:22', '2017-03-24 09:45:22'),
(168, 236, 2, NULL, 1, '2017-03-25 07:47:48', '2017-03-25 07:47:48'),
(169, 237, 8, NULL, 1, '2017-03-25 08:45:49', '2017-03-25 08:45:49'),
(170, 238, 8, NULL, 1, '2017-03-25 23:07:26', '2017-03-25 23:07:26'),
(171, 239, 2, NULL, 1, '2017-03-26 13:52:52', '2017-03-26 13:52:52'),
(172, 240, 2, NULL, 1, '2017-03-26 21:42:57', '2017-03-26 21:42:57'),
(173, 241, 2, NULL, 1, '2017-03-26 22:34:40', '2017-03-26 22:34:40'),
(174, 243, 2, NULL, 1, '2017-03-28 08:45:12', '2017-03-28 08:45:12'),
(175, 244, 2, NULL, 1, '2017-03-28 09:47:49', '2017-03-28 09:47:49'),
(176, 245, 2, NULL, 1, '2017-03-29 09:52:50', '2017-03-29 09:52:50'),
(177, 246, 2, NULL, 1, '2017-03-29 09:54:52', '2017-03-29 09:54:52'),
(178, 247, 2, NULL, 1, '2017-03-31 07:26:31', '2017-03-31 07:26:31'),
(179, 248, 2, NULL, 1, '2017-03-31 14:22:01', '2017-03-31 14:22:01'),
(180, 249, 2, NULL, 1, '2017-03-31 14:46:47', '2017-03-31 14:46:47'),
(181, 251, 2, NULL, 1, '2017-04-07 10:43:22', '2017-04-07 10:43:22'),
(182, 252, 2, NULL, 1, '2017-04-11 07:54:46', '2017-04-11 07:54:46'),
(183, 253, 2, NULL, 1, '2017-04-12 07:44:13', '2017-04-12 07:44:13'),
(184, 254, 2, NULL, 1, '2017-04-13 10:58:52', '2017-04-13 10:58:52'),
(185, 260, 2, NULL, 1, '2017-05-04 08:27:34', '2017-05-04 08:27:34'),
(186, 261, 2, NULL, 1, '2017-05-04 09:05:40', '2017-05-04 09:05:40'),
(187, 262, 2, NULL, 1, '2017-05-04 18:08:59', '2017-05-04 18:08:59'),
(188, 266, 2, NULL, 1, '2017-05-05 19:39:31', '2017-05-05 19:39:31'),
(189, 283, 2, NULL, 1, '2017-07-10 11:12:37', '2017-07-10 11:12:37'),
(190, 296, 2, NULL, 1, '2017-07-18 09:17:40', '2017-07-18 09:17:40'),
(191, 297, 2, NULL, 1, '2017-07-18 09:23:53', '2017-07-18 09:23:53'),
(192, 313, 2, NULL, 1, '2017-07-27 11:57:58', '2017-07-27 11:57:58'),
(193, 314, 2, '2018-08-10 00:00:00', 1, '2017-08-28 12:08:56', '2017-08-28 11:08:56'),
(194, 315, 2, NULL, 1, '2017-08-10 09:53:02', '2017-08-10 09:53:02'),
(195, 334, 2, NULL, 1, '2017-08-24 19:15:15', '2017-08-24 19:15:15'),
(196, 335, 2, '2018-08-24 00:00:00', 1, '2017-08-24 23:54:51', '2017-08-24 22:54:51'),
(197, 379, 2, '2018-09-28 00:00:00', 0, '2017-09-28 14:53:51', '2017-09-28 14:53:51'),
(198, 380, 2, '2018-09-28 00:00:00', 0, '2017-09-28 15:21:54', '2017-09-28 15:21:54'),
(199, 392, 2, NULL, 1, '2017-10-05 10:19:46', '2017-10-05 10:19:46'),
(200, 393, 2, NULL, 1, '2017-10-05 10:23:16', '2017-10-05 10:23:16'),
(201, 394, 2, NULL, 1, '2017-10-05 10:29:40', '2017-10-05 10:29:40'),
(202, 395, 2, NULL, 1, '2017-10-05 10:32:31', '2017-10-05 10:32:31'),
(203, 397, 2, NULL, 1, '2017-10-05 10:37:07', '2017-10-05 10:37:07'),
(204, 398, 2, NULL, 1, '2017-10-05 10:37:49', '2017-10-05 10:37:49'),
(205, 399, 2, NULL, 1, '2017-10-05 10:39:45', '2017-10-05 10:39:45'),
(206, 407, 2, NULL, 1, '2017-10-05 12:25:44', '2017-10-05 12:25:44'),
(207, 408, 2, NULL, 1, '2017-10-05 12:30:20', '2017-10-05 12:30:20'),
(208, 409, 2, NULL, 1, '2017-10-05 12:31:27', '2017-10-05 12:31:27'),
(209, 410, 2, NULL, 1, '2017-10-06 12:50:44', '2017-10-06 12:50:44'),
(210, 411, 2, NULL, 1, '2017-10-06 12:53:52', '2017-10-06 12:53:52'),
(211, 412, 2, NULL, 1, '2017-10-06 13:03:37', '2017-10-06 13:03:37'),
(212, 413, 2, NULL, 1, '2017-10-06 13:07:22', '2017-10-06 13:07:22'),
(213, 414, 2, NULL, 1, '2017-10-09 08:07:35', '2017-10-09 08:07:35'),
(214, 415, 2, NULL, 1, '2017-10-09 08:09:06', '2017-10-09 08:09:06'),
(215, 416, 2, NULL, 1, '2017-10-09 08:10:11', '2017-10-09 08:10:11'),
(216, 417, 2, NULL, 1, '2017-10-09 08:13:03', '2017-10-09 08:13:03'),
(217, 418, 2, NULL, 1, '2017-10-09 08:25:53', '2017-10-09 08:25:53'),
(218, 419, 2, NULL, 1, '2017-10-09 08:28:49', '2017-10-09 08:28:49'),
(219, 420, 2, NULL, 1, '2017-10-09 08:32:59', '2017-10-09 08:32:59'),
(220, 421, 2, NULL, 1, '2017-10-09 10:42:26', '2017-10-09 10:42:26'),
(221, 422, 2, NULL, 1, '2017-10-09 10:49:15', '2017-10-09 10:49:15'),
(222, 423, 2, NULL, 1, '2017-10-09 10:54:17', '2017-10-09 10:54:17'),
(223, 424, 2, NULL, 1, '2017-10-10 07:48:36', '2017-10-10 07:48:36'),
(224, 425, 2, NULL, 1, '2017-10-10 14:01:23', '2017-10-10 14:01:23'),
(225, 426, 2, NULL, 1, '2017-10-10 14:05:51', '2017-10-10 14:05:51'),
(226, 427, 2, NULL, 1, '2017-10-13 10:42:12', '2017-10-13 10:42:12'),
(227, 428, 2, NULL, 1, '2017-10-13 10:51:23', '2017-10-13 10:51:23'),
(228, 429, 2, NULL, 1, '2017-10-13 10:56:41', '2017-10-13 10:56:41'),
(229, 430, 2, NULL, 1, '2017-10-13 11:17:57', '2017-10-13 11:17:57'),
(230, 431, 2, NULL, 1, '2017-10-13 11:21:38', '2017-10-13 11:21:38'),
(231, 432, 2, NULL, 1, '2017-10-13 11:22:38', '2017-10-13 11:22:38'),
(232, 433, 2, NULL, 1, '2017-10-13 11:25:26', '2017-10-13 11:25:26'),
(233, 434, 2, NULL, 1, '2017-10-13 11:27:24', '2017-10-13 11:27:24'),
(234, 435, 2, NULL, 1, '2017-10-13 11:28:25', '2017-10-13 11:28:25'),
(235, 436, 2, NULL, 1, '2017-10-13 11:33:30', '2017-10-13 11:33:30'),
(236, 437, 2, NULL, 1, '2017-10-13 11:35:52', '2017-10-13 11:35:52'),
(237, 438, 2, NULL, 1, '2017-10-13 11:50:17', '2017-10-13 11:50:17'),
(238, 439, 2, NULL, 1, '2017-10-13 11:59:50', '2017-10-13 11:59:50'),
(239, 440, 2, NULL, 1, '2017-10-13 12:03:59', '2017-10-13 12:03:59'),
(240, 441, 2, '2018-10-13 00:00:00', 1, '2017-10-13 13:15:56', '2017-10-13 12:15:56'),
(241, 2, 2, '2018-09-26 00:00:00', 0, '2017-10-17 12:21:04', '2017-10-17 12:21:04'),
(242, 442, 2, NULL, 1, '2017-10-17 12:23:16', '2017-10-17 12:23:16'),
(243, 3, 2, '2018-10-17 00:00:00', 0, '2017-10-17 12:26:26', '2017-10-17 12:26:26');

-- --------------------------------------------------------

--
-- Table structure for table `widgets`
--

CREATE TABLE `widgets` (
  `id` int(11) UNSIGNED NOT NULL,
  `name` varchar(255) DEFAULT NULL,
  `routes` varchar(255) DEFAULT '',
  `class` varchar(255) DEFAULT NULL,
  `div_items` varchar(255) DEFAULT NULL,
  `description` text,
  `created_at` timestamp NULL DEFAULT NULL,
  `updated_at` timestamp NULL DEFAULT NULL
) ENGINE=InnoDB DEFAULT CHARSET=latin1;

--
-- Dumping data for table `widgets`
--

INSERT INTO `widgets` (`id`, `name`, `routes`, `class`, `div_items`, `description`, `created_at`, `updated_at`) VALUES
(4, 'Notebook', '', 'fa fa-book img-launch notebook-color', NULL, '<p><br></p>', '2017-04-11 13:14:07', '2017-04-11 13:14:07'),
(5, 'Dashboard / Analytics', 'dashboard', 'fa fa-tachometer img-launch dashboard-color', NULL, '<p><br></p>', '2017-04-11 13:16:12', '2017-04-11 13:16:12'),
(6, 'Reports', 'reports', 'fa fa-file-text-o img-launch reports-color', NULL, '<p><br></p>', '2017-04-11 13:16:19', '2017-04-11 13:16:19'),
(7, 'To do List / Notepad', 'todo', 'fa fa-list-ol img-launch transaction-management-color', NULL, '<p><br></p>', '2017-04-11 13:16:35', '2017-04-11 13:16:35'),
(8, 'Calendar', '', 'fa fa-calendar-check-o img-launch calendar-color', 'data-toggle=\"modal\" data-target=\"#exampleModal\" data-whatever=\"@mdo\"', '<p><br></p>', '2017-04-11 13:16:42', '2017-04-11 13:16:42'),
(9, 'Customer Management', 'setup/customers', 'fa fa-users img-launch customer-management-color', NULL, '<p><br></p>', '2017-04-11 13:17:56', '2017-04-11 13:17:56'),
(10, 'My Profile', '', 'fa fa-id-card img-launch profile-color', NULL, '<p><br></p>', '2017-04-11 13:18:06', '2017-04-11 13:18:06'),
(11, 'Inventory Management', 'ims/create', 'fa fa-truck img-launch ims-color', NULL, '<p><br></p>', '2017-04-11 13:19:42', '2017-04-11 13:19:42'),
(12, 'Collaborators', 'collaborators/list', 'fa fa-handshake-o img-launch collaborator-color', NULL, '<p><br></p>', '2017-04-11 13:19:48', '2017-04-11 13:19:48'),
(13, 'HRM', 'payroll/create', 'fa fa-address-card-o img-launch hrm-color', NULL, '<p><br></p>', '2017-04-11 13:19:59', '2017-04-11 13:19:59'),
(14, 'Townhall', '', 'fa fa-users img-launch townhall-color', NULL, '<p><br></p>', '2017-04-11 13:20:09', '2017-04-11 13:20:09'),
(15, 'FAQ', 'faq', 'fa fa-address-book img-launch faq-color', NULL, '<p><br></p>', '2017-04-11 13:20:17', '2017-04-11 13:20:17'),
(16, 'Support', 'ticket/add-new', 'fa fa-headphones img-launch support-color', NULL, '<p><br></p>', '2017-04-11 13:20:24', '2017-04-11 13:20:24'),
(17, 'My Businesses', '', 'fa fa-cubes img-launch my-businesses-color', NULL, '<p><br></p>', '2017-04-11 13:20:32', '2017-04-11 13:20:32'),
(18, 'Supplier Management', 'setup/vendors', 'fa fa-shopping-basket img-launch supplier-mangement-color', NULL, '<p><br></p>', '2017-04-11 13:20:41', '2017-04-11 13:20:41'),
(19, 'User Management', '', 'fa fa-address-book img-launch user-management-color', NULL, '<p><br></p>', '2017-04-11 13:20:50', '2017-04-11 13:20:50'),
(20, 'Calculator', '', 'fa fa-calculator img-launch calculator-color', 'data-toggle=\"modal\" data-target=\"#myModal\"', '<p><br></p>', '2017-04-11 13:20:56', '2017-04-11 13:20:56'),
(21, 'My Business Banking', '', 'fa fa-university img-launch my-businesses-banking-color', NULL, '<p><br></p>', '2017-04-11 13:21:04', '2017-04-11 13:21:04'),
(22, 'Transaction Management', '', 'fa fa-exchange img-launch transaction-management-color', NULL, '<p><br></p>', '2017-04-11 13:21:16', '2017-04-11 13:21:16'),
(23, 'Tax', '', 'fa fa-money img-launch tax-color', NULL, '<p><br></p>', '2017-04-11 13:21:23', '2017-04-11 13:21:23'),
(24, 'Settings', 'account-settings', 'fa fa-cog img-launch settings-color', NULL, '<p><br></p>', '2017-04-11 13:21:29', '2017-04-11 13:21:29'),
(25, 'Conversations', 'message', 'fa fa-comments-o img-launch conversation-color', NULL, '<p><br></p>', '2017-04-11 13:21:36', '2017-04-11 13:21:36'),
(26, 'Walkthrough', 'business-owner-setup', 'fa fa-female img-launch walk-through-color', NULL, '<p><br></p>', '2017-04-11 13:21:43', '2017-04-11 13:21:43');

-- --------------------------------------------------------

--
-- Table structure for table `widget_dashboards`
--

CREATE TABLE `widget_dashboards` (
  `id` int(11) UNSIGNED NOT NULL,
  `method` varchar(255) DEFAULT NULL,
  `name` varchar(255) DEFAULT NULL,
  `partials` varchar(255) DEFAULT NULL,
  `description` varchar(255) DEFAULT NULL,
  `created_at` timestamp NULL DEFAULT NULL,
  `updated_at` timestamp NULL DEFAULT NULL
) ENGINE=InnoDB DEFAULT CHARSET=latin1;

--
-- Dumping data for table `widget_dashboards`
--

INSERT INTO `widget_dashboards` (`id`, `method`, `name`, `partials`, `description`, `created_at`, `updated_at`) VALUES
(2, NULL, 'Acid Test Ratio', 'acid_test_ratio', '<p>sdfsdfd<br></p>', '2017-04-25 13:13:37', '2017-04-25 13:13:37'),
(3, NULL, 'Money in the Bank (Bank Balances)', 'bank_balances', NULL, NULL, NULL),
(4, NULL, 'Summary state of our Business ', 'business_summary', NULL, NULL, NULL),
(5, NULL, 'Cash in Hand', 'cash_in_hand', NULL, NULL, NULL),
(6, NULL, 'Average Number of days for us to pay our suppliers (Creditors\' Payment Period)', 'creditor_payment_period', NULL, NULL, NULL),
(7, NULL, 'Our Major Customers by Sales ', 'customers_by_sales', NULL, NULL, NULL),
(8, NULL, 'Relationship between Loans & Equity (Gearing Ratio)', 'gear_ratio', NULL, NULL, NULL),
(9, NULL, 'Trading profit margin (Gross Profit Margin)', 'gross_profit_margin', NULL, NULL, NULL),
(10, NULL, 'Profit after running expenses (Net Profit margin)', 'net_profit_margin', NULL, NULL, NULL),
(11, NULL, 'Our ability to cover trading liabilities (Current Ratio)', 'our_ability_to_cover_trading_liablities', NULL, NULL, NULL),
(12, NULL, 'What we owe suppliers (Payables)', 'payables_accounts', NULL, NULL, NULL),
(13, NULL, 'Payment now due to Suppliers (Payable Age Analysis)', 'payables_age_analysis', NULL, NULL, NULL),
(14, NULL, 'Purchase History ', 'purchase_history', NULL, NULL, NULL),
(15, NULL, 'Age Analysis of amount owed to us (Receivable Age Analysis)', 'receivable_age_analysis', NULL, NULL, NULL),
(16, NULL, 'Those who owe us (Receivables)', 'receivables_accounts', NULL, NULL, NULL),
(17, NULL, 'Our Major Customers by what we are owed (Outstanding Receivables)', 'receivables_owed', NULL, NULL, NULL),
(18, NULL, 'Our Running Expenses (Operating expenses)', 'running_expenses', NULL, NULL, NULL),
(19, NULL, 'Sales History', 'sales_history', NULL, NULL, NULL),
(20, NULL, 'Summary of stock', 'stock_summary', NULL, NULL, NULL),
(21, NULL, 'Our Major Supplier by purchases', 'supplier_by_purchases', NULL, NULL, NULL),
(22, NULL, 'Top five purchases of stock', 'top_five_purchases_of_stock', NULL, NULL, NULL),
(23, NULL, 'Top five sales of stock', 'top_five_sales_of_stock', NULL, NULL, NULL),
(24, NULL, 'Our Major supplier by what we owe (Outstanding Balance of Payables)', 'top_payables_accounts', NULL, NULL, NULL),
(25, NULL, 'Average Number of days for our customers to pay up (Debtors\' Collection Period)', 'debtors_collection_period', NULL, NULL, NULL);

-- --------------------------------------------------------

--
-- Table structure for table `widget_dashboard_roles`
--

CREATE TABLE `widget_dashboard_roles` (
  `id` int(11) UNSIGNED NOT NULL,
  `widget_dashboard_id` int(11) DEFAULT NULL,
  `role_id` int(11) DEFAULT NULL,
  `updated_at` timestamp NULL DEFAULT NULL,
  `created_at` timestamp NULL DEFAULT NULL
) ENGINE=InnoDB DEFAULT CHARSET=latin1;

-- --------------------------------------------------------

--
-- Table structure for table `widget_roles`
--

CREATE TABLE `widget_roles` (
  `id` int(11) UNSIGNED NOT NULL,
  `widget_id` int(11) DEFAULT NULL,
  `role_id` int(11) DEFAULT NULL,
  `updated_at` timestamp NULL DEFAULT NULL,
  `created_at` timestamp NULL DEFAULT NULL
) ENGINE=InnoDB DEFAULT CHARSET=latin1;

--
-- Dumping data for table `widget_roles`
--

INSERT INTO `widget_roles` (`id`, `widget_id`, `role_id`, `updated_at`, `created_at`) VALUES
(1, 4, 4, '2017-04-30 11:58:57', '2017-04-30 11:58:57'),
(2, 5, 4, '2017-04-30 11:58:57', '2017-04-30 11:58:57'),
(3, 6, 4, '2017-04-30 11:58:57', '2017-04-30 11:58:57'),
(4, 7, 4, '2017-04-30 11:58:57', '2017-04-30 11:58:57'),
(5, 8, 4, '2017-04-30 11:58:57', '2017-04-30 11:58:57'),
(6, 9, 4, '2017-04-30 11:58:57', '2017-04-30 11:58:57'),
(7, 10, 4, '2017-04-30 11:58:57', '2017-04-30 11:58:57'),
(8, 11, 4, '2017-04-30 11:58:57', '2017-04-30 11:58:57'),
(9, 12, 4, '2017-04-30 11:58:57', '2017-04-30 11:58:57'),
(10, 13, 4, '2017-04-30 11:58:57', '2017-04-30 11:58:57'),
(11, 14, 4, '2017-04-30 11:58:57', '2017-04-30 11:58:57'),
(12, 15, 4, '2017-04-30 11:58:57', '2017-04-30 11:58:57'),
(13, 16, 4, '2017-04-30 11:58:57', '2017-04-30 11:58:57'),
(14, 18, 4, '2017-04-30 11:58:57', '2017-04-30 11:58:57'),
(15, 20, 4, '2017-04-30 11:58:57', '2017-04-30 11:58:57'),
(16, 21, 4, '2017-04-30 11:58:57', '2017-04-30 11:58:57'),
(17, 24, 4, '2017-04-30 11:58:57', '2017-04-30 11:58:57'),
(18, 25, 4, '2017-04-30 11:58:57', '2017-04-30 11:58:57'),
(19, 26, 4, '2017-04-30 11:58:57', '2017-04-30 11:58:57'),
(20, 4, 5, '2017-04-30 11:58:57', '2017-04-30 11:58:57'),
(21, 5, 5, '2017-04-30 11:58:57', '2017-04-30 11:58:57'),
(22, 6, 5, '2017-04-30 11:58:57', '2017-04-30 11:58:57'),
(23, 7, 5, '2017-04-30 11:58:57', '2017-04-30 11:58:57'),
(24, 8, 5, '2017-04-30 11:58:57', '2017-04-30 11:58:57'),
(25, 9, 5, '2017-04-30 11:58:57', '2017-04-30 11:58:57'),
(26, 10, 5, '2017-04-30 11:58:57', '2017-04-30 11:58:57'),
(27, 11, 5, '2017-04-30 11:58:57', '2017-04-30 11:58:57'),
(28, 12, 5, '2017-04-30 11:58:57', '2017-04-30 11:58:57'),
(29, 13, 5, '2017-04-30 11:58:57', '2017-04-30 11:58:57'),
(30, 14, 5, '2017-04-30 11:58:57', '2017-04-30 11:58:57'),
(31, 15, 5, '2017-04-30 11:58:57', '2017-04-30 11:58:57'),
(32, 16, 5, '2017-04-30 11:58:57', '2017-04-30 11:58:57'),
(33, 18, 5, '2017-04-30 11:58:57', '2017-04-30 11:58:57'),
(34, 20, 5, '2017-04-30 11:58:57', '2017-04-30 11:58:57'),
(35, 21, 5, '2017-04-30 11:58:57', '2017-04-30 11:58:57'),
(36, 22, 5, '2017-04-30 11:58:57', '2017-04-30 11:58:57'),
(37, 23, 5, '2017-04-30 11:58:57', '2017-04-30 11:58:57'),
(38, 24, 5, '2017-04-30 11:58:57', '2017-04-30 11:58:57'),
(39, 25, 5, '2017-04-30 11:58:57', '2017-04-30 11:58:57'),
(40, 26, 5, '2017-04-30 11:58:57', '2017-04-30 11:58:57'),
(41, 5, 6, '2017-04-30 11:58:57', '2017-04-30 11:58:57'),
(42, 6, 11, '2017-04-30 11:58:57', '2017-04-30 11:58:57'),
(43, 7, 11, '2017-04-30 11:58:57', '2017-04-30 11:58:57');

--
-- Indexes for dumped tables
--

--
-- Indexes for table `activity_log`
--
ALTER TABLE `activity_log`
  ADD PRIMARY KEY (`id`);

--
-- Indexes for table `annoucements`
--
ALTER TABLE `annoucements`
  ADD PRIMARY KEY (`id`),
  ADD KEY `user_id` (`user_id`);

--
-- Indexes for table `annoucement_roles`
--
ALTER TABLE `annoucement_roles`
  ADD PRIMARY KEY (`id`),
  ADD KEY `annoucement_id` (`annoucement_id`,`role_id`),
  ADD KEY `role_id` (`role_id`);

--
-- Indexes for table `assigned_tickets`
--
ALTER TABLE `assigned_tickets`
  ADD PRIMARY KEY (`id`),
  ADD KEY `user_id` (`user_id`),
  ADD KEY `ticket_id` (`ticket_id`);

--
-- Indexes for table `attachments`
--
ALTER TABLE `attachments`
  ADD PRIMARY KEY (`id`),
  ADD KEY `user_id` (`user_id`);

--
-- Indexes for table `business_hours`
--
ALTER TABLE `business_hours`
  ADD PRIMARY KEY (`id`),
  ADD UNIQUE KEY `day` (`day`);

--
-- Indexes for table `collaborators`
--
ALTER TABLE `collaborators`
  ADD PRIMARY KEY (`id`);

--
-- Indexes for table `comments`
--
ALTER TABLE `comments`
  ADD PRIMARY KEY (`id`),
  ADD KEY `user_id` (`user_id`);

--
-- Indexes for table `companies`
--
ALTER TABLE `companies`
  ADD PRIMARY KEY (`id`);

--
-- Indexes for table `countries`
--
ALTER TABLE `countries`
  ADD PRIMARY KEY (`id`);

--
-- Indexes for table `custom_fields`
--
ALTER TABLE `custom_fields`
  ADD PRIMARY KEY (`id`);

--
-- Indexes for table `custom_field_values`
--
ALTER TABLE `custom_field_values`
  ADD PRIMARY KEY (`id`),
  ADD KEY `field_id` (`field_id`);

--
-- Indexes for table `departments`
--
ALTER TABLE `departments`
  ADD PRIMARY KEY (`id`);

--
-- Indexes for table `forum_categories`
--
ALTER TABLE `forum_categories`
  ADD PRIMARY KEY (`id`),
  ADD UNIQUE KEY `forum_category_slug` (`forum_category_slug`);

--
-- Indexes for table `forum_threads`
--
ALTER TABLE `forum_threads`
  ADD PRIMARY KEY (`id`),
  ADD KEY `forum_category_id` (`forum_category_id`),
  ADD KEY `user_id` (`user_id`);

--
-- Indexes for table `forum_thread_replies`
--
ALTER TABLE `forum_thread_replies`
  ADD PRIMARY KEY (`id`),
  ADD KEY `forum_thread_id` (`forum_thread_id`,`user_id`),
  ADD KEY `user_id` (`user_id`);

--
-- Indexes for table `holidays`
--
ALTER TABLE `holidays`
  ADD PRIMARY KEY (`id`),
  ADD UNIQUE KEY `date` (`date`);

--
-- Indexes for table `ims_license_subscribers`
--
ALTER TABLE `ims_license_subscribers`
  ADD PRIMARY KEY (`id`);

--
-- Indexes for table `industries`
--
ALTER TABLE `industries`
  ADD PRIMARY KEY (`id`);

--
-- Indexes for table `kb_articles`
--
ALTER TABLE `kb_articles`
  ADD PRIMARY KEY (`id`),
  ADD KEY `kb_category_id` (`kb_category_id`);

--
-- Indexes for table `kb_categories`
--
ALTER TABLE `kb_categories`
  ADD PRIMARY KEY (`id`),
  ADD UNIQUE KEY `kb_category_slug` (`kb_category_slug`);

--
-- Indexes for table `message`
--
ALTER TABLE `message`
  ADD PRIMARY KEY (`id`);

--
-- Indexes for table `messages`
--
ALTER TABLE `messages`
  ADD PRIMARY KEY (`id`),
  ADD KEY `from_user_id` (`from_user_id`,`to_user_id`),
  ADD KEY `to_user_id` (`to_user_id`);

--
-- Indexes for table `message_ids`
--
ALTER TABLE `message_ids`
  ADD PRIMARY KEY (`id`);

--
-- Indexes for table `migrations`
--
ALTER TABLE `migrations`
  ADD PRIMARY KEY (`id`);

--
-- Indexes for table `notes`
--
ALTER TABLE `notes`
  ADD PRIMARY KEY (`id`),
  ADD KEY `user_id` (`user_id`);

--
-- Indexes for table `page`
--
ALTER TABLE `page`
  ADD PRIMARY KEY (`id`),
  ADD UNIQUE KEY `page_slug` (`page_slug`),
  ADD KEY `user_id` (`user_id`);

--
-- Indexes for table `pages`
--
ALTER TABLE `pages`
  ADD PRIMARY KEY (`id`);

--
-- Indexes for table `payments`
--
ALTER TABLE `payments`
  ADD PRIMARY KEY (`id`);

--
-- Indexes for table `payroll_license_subscribers`
--
ALTER TABLE `payroll_license_subscribers`
  ADD PRIMARY KEY (`id`);

--
-- Indexes for table `permissions`
--
ALTER TABLE `permissions`
  ADD PRIMARY KEY (`id`),
  ADD UNIQUE KEY `permissions_name_unique` (`name`);

--
-- Indexes for table `permission_role`
--
ALTER TABLE `permission_role`
  ADD PRIMARY KEY (`id`),
  ADD KEY `permission_role_permission_id_foreign` (`permission_id`),
  ADD KEY `permission_role_role_id_foreign` (`role_id`);

--
-- Indexes for table `personal_info`
--
ALTER TABLE `personal_info`
  ADD PRIMARY KEY (`id`);

--
-- Indexes for table `profile`
--
ALTER TABLE `profile`
  ADD PRIMARY KEY (`id`),
  ADD KEY `user_id` (`user_id`),
  ADD KEY `department_id` (`department_id`);

--
-- Indexes for table `roles`
--
ALTER TABLE `roles`
  ADD PRIMARY KEY (`id`),
  ADD UNIQUE KEY `roles_name_unique` (`name`);

--
-- Indexes for table `role_user`
--
ALTER TABLE `role_user`
  ADD PRIMARY KEY (`id`),
  ADD KEY `assigned_roles_user_id_foreign` (`user_id`),
  ADD KEY `assigned_roles_role_id_foreign` (`role_id`),
  ADD KEY `user_id` (`user_id`),
  ADD KEY `user_id_2` (`user_id`);

--
-- Indexes for table `service_times`
--
ALTER TABLE `service_times`
  ADD PRIMARY KEY (`id`),
  ADD UNIQUE KEY `priority` (`priority`);

--
-- Indexes for table `settings`
--
ALTER TABLE `settings`
  ADD PRIMARY KEY (`id`);

--
-- Indexes for table `states`
--
ALTER TABLE `states`
  ADD PRIMARY KEY (`id`);

--
-- Indexes for table `tbl_employee_data_entry`
--
ALTER TABLE `tbl_employee_data_entry`
  ADD PRIMARY KEY (`id`),
  ADD UNIQUE KEY `tbl_employee_data_entry_employee_id_unique` (`employee_id`);

--
-- Indexes for table `tickets`
--
ALTER TABLE `tickets`
  ADD PRIMARY KEY (`id`),
  ADD UNIQUE KEY `ticket_no` (`ticket_no`),
  ADD KEY `ticket_type` (`ticket_type_id`,`user_id`),
  ADD KEY `user_id` (`user_id`),
  ADD KEY `department_id` (`department_id`);

--
-- Indexes for table `ticket_responses`
--
ALTER TABLE `ticket_responses`
  ADD PRIMARY KEY (`id`),
  ADD KEY `ticket_id` (`ticket_id`,`user_id`),
  ADD KEY `user_id` (`user_id`);

--
-- Indexes for table `ticket_types`
--
ALTER TABLE `ticket_types`
  ADD PRIMARY KEY (`id`);

--
-- Indexes for table `todos`
--
ALTER TABLE `todos`
  ADD PRIMARY KEY (`id`),
  ADD KEY `user_id` (`user_id`);

--
-- Indexes for table `users`
--
ALTER TABLE `users`
  ADD PRIMARY KEY (`id`),
  ADD UNIQUE KEY `users_email_unique` (`email`);

--
-- Indexes for table `users_2`
--
ALTER TABLE `users_2`
  ADD PRIMARY KEY (`id`),
  ADD UNIQUE KEY `users_email_unique` (`email`),
  ADD UNIQUE KEY `username` (`username`);

--
-- Indexes for table `user_license_packages`
--
ALTER TABLE `user_license_packages`
  ADD PRIMARY KEY (`id`);

--
-- Indexes for table `user_license_subscribers`
--
ALTER TABLE `user_license_subscribers`
  ADD PRIMARY KEY (`id`);

--
-- Indexes for table `widgets`
--
ALTER TABLE `widgets`
  ADD PRIMARY KEY (`id`);

--
-- Indexes for table `widget_dashboards`
--
ALTER TABLE `widget_dashboards`
  ADD PRIMARY KEY (`id`);

--
-- Indexes for table `widget_dashboard_roles`
--
ALTER TABLE `widget_dashboard_roles`
  ADD PRIMARY KEY (`id`);

--
-- Indexes for table `widget_roles`
--
ALTER TABLE `widget_roles`
  ADD PRIMARY KEY (`id`);

--
-- AUTO_INCREMENT for dumped tables
--

--
-- AUTO_INCREMENT for table `activity_log`
--
ALTER TABLE `activity_log`
  MODIFY `id` int(10) UNSIGNED NOT NULL AUTO_INCREMENT, AUTO_INCREMENT=31;
--
-- AUTO_INCREMENT for table `annoucements`
--
ALTER TABLE `annoucements`
  MODIFY `id` int(11) NOT NULL AUTO_INCREMENT;
--
-- AUTO_INCREMENT for table `annoucement_roles`
--
ALTER TABLE `annoucement_roles`
  MODIFY `id` int(11) NOT NULL AUTO_INCREMENT;
--
-- AUTO_INCREMENT for table `assigned_tickets`
--
ALTER TABLE `assigned_tickets`
  MODIFY `id` int(11) NOT NULL AUTO_INCREMENT;
--
-- AUTO_INCREMENT for table `attachments`
--
ALTER TABLE `attachments`
  MODIFY `id` int(11) NOT NULL AUTO_INCREMENT;
--
-- AUTO_INCREMENT for table `business_hours`
--
ALTER TABLE `business_hours`
  MODIFY `id` int(11) NOT NULL AUTO_INCREMENT, AUTO_INCREMENT=8;
--
-- AUTO_INCREMENT for table `collaborators`
--
ALTER TABLE `collaborators`
  MODIFY `id` int(10) UNSIGNED NOT NULL AUTO_INCREMENT;
--
-- AUTO_INCREMENT for table `comments`
--
ALTER TABLE `comments`
  MODIFY `id` int(11) NOT NULL AUTO_INCREMENT;
--
-- AUTO_INCREMENT for table `companies`
--
ALTER TABLE `companies`
  MODIFY `id` int(10) UNSIGNED NOT NULL AUTO_INCREMENT, AUTO_INCREMENT=3;
--
-- AUTO_INCREMENT for table `countries`
--
ALTER TABLE `countries`
  MODIFY `id` int(10) UNSIGNED NOT NULL AUTO_INCREMENT, AUTO_INCREMENT=247;
--
-- AUTO_INCREMENT for table `custom_fields`
--
ALTER TABLE `custom_fields`
  MODIFY `id` int(11) NOT NULL AUTO_INCREMENT;
--
-- AUTO_INCREMENT for table `custom_field_values`
--
ALTER TABLE `custom_field_values`
  MODIFY `id` int(11) NOT NULL AUTO_INCREMENT;
--
-- AUTO_INCREMENT for table `departments`
--
ALTER TABLE `departments`
  MODIFY `id` int(11) NOT NULL AUTO_INCREMENT, AUTO_INCREMENT=2;
--
-- AUTO_INCREMENT for table `forum_categories`
--
ALTER TABLE `forum_categories`
  MODIFY `id` int(11) NOT NULL AUTO_INCREMENT, AUTO_INCREMENT=19;
--
-- AUTO_INCREMENT for table `forum_threads`
--
ALTER TABLE `forum_threads`
  MODIFY `id` int(11) NOT NULL AUTO_INCREMENT;
--
-- AUTO_INCREMENT for table `forum_thread_replies`
--
ALTER TABLE `forum_thread_replies`
  MODIFY `id` int(11) NOT NULL AUTO_INCREMENT;
--
-- AUTO_INCREMENT for table `holidays`
--
ALTER TABLE `holidays`
  MODIFY `id` int(11) NOT NULL AUTO_INCREMENT;
--
-- AUTO_INCREMENT for table `ims_license_subscribers`
--
ALTER TABLE `ims_license_subscribers`
  MODIFY `id` int(10) UNSIGNED NOT NULL AUTO_INCREMENT;
--
-- AUTO_INCREMENT for table `industries`
--
ALTER TABLE `industries`
  MODIFY `id` int(10) UNSIGNED NOT NULL AUTO_INCREMENT, AUTO_INCREMENT=56;
--
-- AUTO_INCREMENT for table `kb_articles`
--
ALTER TABLE `kb_articles`
  MODIFY `id` int(11) NOT NULL AUTO_INCREMENT;
--
-- AUTO_INCREMENT for table `kb_categories`
--
ALTER TABLE `kb_categories`
  MODIFY `id` int(11) NOT NULL AUTO_INCREMENT, AUTO_INCREMENT=5;
--
-- AUTO_INCREMENT for table `message`
--
ALTER TABLE `message`
  MODIFY `id` int(10) UNSIGNED NOT NULL AUTO_INCREMENT;
--
-- AUTO_INCREMENT for table `messages`
--
ALTER TABLE `messages`
  MODIFY `id` int(11) NOT NULL AUTO_INCREMENT;
--
-- AUTO_INCREMENT for table `message_ids`
--
ALTER TABLE `message_ids`
  MODIFY `id` int(10) UNSIGNED NOT NULL AUTO_INCREMENT;
--
-- AUTO_INCREMENT for table `migrations`
--
ALTER TABLE `migrations`
  MODIFY `id` int(10) UNSIGNED NOT NULL AUTO_INCREMENT, AUTO_INCREMENT=37;
--
-- AUTO_INCREMENT for table `notes`
--
ALTER TABLE `notes`
  MODIFY `id` int(11) NOT NULL AUTO_INCREMENT;
--
-- AUTO_INCREMENT for table `page`
--
ALTER TABLE `page`
  MODIFY `id` int(11) NOT NULL AUTO_INCREMENT;
--
-- AUTO_INCREMENT for table `pages`
--
ALTER TABLE `pages`
  MODIFY `id` int(10) UNSIGNED NOT NULL AUTO_INCREMENT;
--
-- AUTO_INCREMENT for table `payments`
--
ALTER TABLE `payments`
  MODIFY `id` int(11) NOT NULL AUTO_INCREMENT, AUTO_INCREMENT=8;
--
-- AUTO_INCREMENT for table `payroll_license_subscribers`
--
ALTER TABLE `payroll_license_subscribers`
  MODIFY `id` int(10) UNSIGNED NOT NULL AUTO_INCREMENT, AUTO_INCREMENT=2;
--
-- AUTO_INCREMENT for table `permissions`
--
ALTER TABLE `permissions`
  MODIFY `id` int(10) UNSIGNED NOT NULL AUTO_INCREMENT, AUTO_INCREMENT=37;
--
-- AUTO_INCREMENT for table `permission_role`
--
ALTER TABLE `permission_role`
  MODIFY `id` int(10) UNSIGNED NOT NULL AUTO_INCREMENT, AUTO_INCREMENT=37;
--
-- AUTO_INCREMENT for table `personal_info`
--
ALTER TABLE `personal_info`
  MODIFY `id` int(10) UNSIGNED NOT NULL AUTO_INCREMENT, AUTO_INCREMENT=393;
--
-- AUTO_INCREMENT for table `profile`
--
ALTER TABLE `profile`
  MODIFY `id` int(11) NOT NULL AUTO_INCREMENT;
--
-- AUTO_INCREMENT for table `roles`
--
ALTER TABLE `roles`
  MODIFY `id` int(10) UNSIGNED NOT NULL AUTO_INCREMENT, AUTO_INCREMENT=15;
--
-- AUTO_INCREMENT for table `role_user`
--
ALTER TABLE `role_user`
  MODIFY `id` int(10) UNSIGNED NOT NULL AUTO_INCREMENT, AUTO_INCREMENT=4;
--
-- AUTO_INCREMENT for table `service_times`
--
ALTER TABLE `service_times`
  MODIFY `id` int(11) NOT NULL AUTO_INCREMENT, AUTO_INCREMENT=5;
--
-- AUTO_INCREMENT for table `settings`
--
ALTER TABLE `settings`
  MODIFY `id` int(10) UNSIGNED NOT NULL AUTO_INCREMENT;
--
-- AUTO_INCREMENT for table `states`
--
ALTER TABLE `states`
  MODIFY `id` int(10) UNSIGNED NOT NULL AUTO_INCREMENT, AUTO_INCREMENT=4121;
--
-- AUTO_INCREMENT for table `tbl_employee_data_entry`
--
ALTER TABLE `tbl_employee_data_entry`
  MODIFY `id` int(10) UNSIGNED NOT NULL AUTO_INCREMENT;
--
-- AUTO_INCREMENT for table `tickets`
--
ALTER TABLE `tickets`
  MODIFY `id` int(11) NOT NULL AUTO_INCREMENT, AUTO_INCREMENT=9;
--
-- AUTO_INCREMENT for table `ticket_responses`
--
ALTER TABLE `ticket_responses`
  MODIFY `id` int(11) NOT NULL AUTO_INCREMENT;
--
-- AUTO_INCREMENT for table `ticket_types`
--
ALTER TABLE `ticket_types`
  MODIFY `id` int(11) NOT NULL AUTO_INCREMENT, AUTO_INCREMENT=4;
--
-- AUTO_INCREMENT for table `todos`
--
ALTER TABLE `todos`
  MODIFY `id` int(11) NOT NULL AUTO_INCREMENT;
--
-- AUTO_INCREMENT for table `users`
--
ALTER TABLE `users`
  MODIFY `id` int(10) UNSIGNED NOT NULL AUTO_INCREMENT, AUTO_INCREMENT=4;
--
-- AUTO_INCREMENT for table `users_2`
--
ALTER TABLE `users_2`
  MODIFY `id` int(10) UNSIGNED NOT NULL AUTO_INCREMENT;
--
-- AUTO_INCREMENT for table `user_license_packages`
--
ALTER TABLE `user_license_packages`
  MODIFY `id` int(11) NOT NULL AUTO_INCREMENT, AUTO_INCREMENT=25;
--
-- AUTO_INCREMENT for table `user_license_subscribers`
--
ALTER TABLE `user_license_subscribers`
  MODIFY `id` int(11) NOT NULL AUTO_INCREMENT, AUTO_INCREMENT=244;
--
-- AUTO_INCREMENT for table `widgets`
--
ALTER TABLE `widgets`
  MODIFY `id` int(11) UNSIGNED NOT NULL AUTO_INCREMENT, AUTO_INCREMENT=27;
--
-- AUTO_INCREMENT for table `widget_dashboards`
--
ALTER TABLE `widget_dashboards`
  MODIFY `id` int(11) UNSIGNED NOT NULL AUTO_INCREMENT, AUTO_INCREMENT=26;
--
-- AUTO_INCREMENT for table `widget_dashboard_roles`
--
ALTER TABLE `widget_dashboard_roles`
  MODIFY `id` int(11) UNSIGNED NOT NULL AUTO_INCREMENT;
--
-- AUTO_INCREMENT for table `widget_roles`
--
ALTER TABLE `widget_roles`
  MODIFY `id` int(11) UNSIGNED NOT NULL AUTO_INCREMENT, AUTO_INCREMENT=44;COMMIT;

/*!40101 SET CHARACTER_SET_CLIENT=@OLD_CHARACTER_SET_CLIENT */;
/*!40101 SET CHARACTER_SET_RESULTS=@OLD_CHARACTER_SET_RESULTS */;
/*!40101 SET COLLATION_CONNECTION=@OLD_COLLATION_CONNECTION */;
